date,company,sentiment,year,eventos,categoria_evento,hour,day_of_week
2023-08-26 13:15:45,CocaCola,5,2023,,Outra Categoria,13,5
2023-05-26 11:14:32,CocaCola,5,2023,,Outra Categoria,11,4
2016-11-26 16:17:24,CocaCola,5,2016,Mudança na estratégia de marketing para produtos com menos açúcar e calorias,Marketing e Posicionamento de Marca,16,5
2022-03-08 01:50:44,CocaCola,1,2022,,Outra Categoria,1,1
2023-07-14 04:03:32,CocaCola,1,2023,,Outra Categoria,4,4
2023-07-11 00:48:09,CocaCola,5,2023,,Outra Categoria,0,1
2021-11-27 14:44:33,CocaCola,1,2021,,Outra Categoria,14,5
2018-10-18 14:03:16,CocaCola,5,2018,,Outra Categoria,14,3
2023-09-19 18:04:05,CocaCola,3,2023,,Outra Categoria,18,1
2023-08-24 12:22:26,CocaCola,4,2023,,Outra Categoria,12,3
2022-04-25 14:54:43,CocaCola,5,2022,,Outra Categoria,14,0
2018-11-28 15:33:41,CocaCola,1,2018,,Outra Categoria,15,2
2022-05-20 11:00:43,CocaCola,5,2022,,Outra Categoria,11,4
2022-03-08 21:09:55,CocaCola,1,2022,,Outra Categoria,21,1
2020-01-19 02:52:44,CocaCola,1,2020,Descontinuação de marcas menos populares; Impacto da pandemia na indústria de bebidas,Marketing e Posicionamento de Marca,2,6
2021-08-08 07:20:26,CocaCola,3,2021,,Outra Categoria,7,6
2019-03-04 11:30:48,CocaCola,5,2019,,Outra Categoria,11,0
2023-01-23 21:09:18,CocaCola,5,2023,,Outra Categoria,21,0
2022-10-28 18:50:16,CocaCola,5,2022,,Outra Categoria,18,4
2023-03-28 16:56:37,CocaCola,5,2023,,Outra Categoria,16,1
2019-07-01 21:26:35,CocaCola,4,2019,,Outra Categoria,21,0
2023-02-11 00:05:34,CocaCola,4,2023,,Outra Categoria,0,5
2022-07-14 09:17:32,CocaCola,1,2022,,Outra Categoria,9,3
2021-12-04 05:29:00,CocaCola,3,2021,,Outra Categoria,5,5
2020-09-09 23:36:03,CocaCola,4,2020,Descontinuação de marcas menos populares; Impacto da pandemia na indústria de bebidas,Marketing e Posicionamento de Marca,23,2
2021-08-24 12:56:59,CocaCola,5,2021,,Outra Categoria,12,1
2023-05-07 17:52:53,CocaCola,3,2023,,Outra Categoria,17,6
2020-06-30 14:29:08,CocaCola,5,2020,Descontinuação de marcas menos populares; Impacto da pandemia na indústria de bebidas,Marketing e Posicionamento de Marca,14,1
2023-08-24 15:00:47,CocaCola,5,2023,,Outra Categoria,15,3
2020-12-07 09:22:32,CocaCola,5,2020,Descontinuação de marcas menos populares; Impacto da pandemia na indústria de bebidas,Marketing e Posicionamento de Marca,9,0
2023-05-21 06:53:24,CocaCola,5,2023,,Outra Categoria,6,6
2023-06-05 11:41:49,CocaCola,3,2023,,Outra Categoria,11,0
2020-04-17 08:33:48,CocaCola,4,2020,Descontinuação de marcas menos populares; Impacto da pandemia na indústria de bebidas,Marketing e Posicionamento de Marca,8,4
2021-06-15 16:57:32,CocaCola,5,2021,,Outra Categoria,16,1
2021-06-20 18:16:21,CocaCola,5,2021,,Outra Categoria,18,6
2021-05-29 16:33:15,CocaCola,1,2021,,Outra Categoria,16,5
2022-12-01 17:58:10,CocaCola,4,2022,,Outra Categoria,17,3
2022-01-10 05:17:40,CocaCola,5,2022,,Outra Categoria,5,0
2023-06-28 05:09:57,CocaCola,5,2023,,Outra Categoria,5,2
2022-04-08 14:24:53,CocaCola,5,2022,,Outra Categoria,14,4
2023-05-15 14:50:14,CocaCola,4,2023,,Outra Categoria,14,0
2022-03-07 18:17:37,CocaCola,1,2022,,Outra Categoria,18,0
2021-06-01 22:29:14,CocaCola,4,2021,,Outra Categoria,22,1
2022-03-05 23:01:01,CocaCola,1,2022,,Outra Categoria,23,5
2023-09-18 10:50:47,CocaCola,2,2023,,Outra Categoria,10,0
2022-09-14 21:20:35,CocaCola,3,2022,,Outra Categoria,21,2
2021-08-19 07:53:00,CocaCola,5,2021,,Outra Categoria,7,3
2021-04-19 15:40:37,CocaCola,3,2021,,Outra Categoria,15,0
2015-04-09 17:43:48,CocaCola,3,2015,Lançamento da campanha 'Taste the Feeling',Marketing e Posicionamento de Marca,17,3
2023-06-16 07:26:33,CocaCola,4,2023,,Outra Categoria,7,4
2020-08-03 14:49:51,CocaCola,5,2020,Descontinuação de marcas menos populares; Impacto da pandemia na indústria de bebidas,Marketing e Posicionamento de Marca,14,0
2021-02-12 14:08:26,CocaCola,5,2021,,Outra Categoria,14,4
2019-11-13 10:25:53,CocaCola,5,2019,,Outra Categoria,10,2
2023-04-03 09:00:07,CocaCola,5,2023,,Outra Categoria,9,0
2018-11-01 09:42:38,CocaCola,1,2018,,Outra Categoria,9,3
2021-12-12 04:27:57,CocaCola,5,2021,,Outra Categoria,4,6
2021-02-24 06:56:22,CocaCola,1,2021,,Outra Categoria,6,2
2022-10-29 01:44:02,CocaCola,1,2022,,Outra Categoria,1,5
2021-11-27 15:21:34,CocaCola,1,2021,,Outra Categoria,15,5
2022-03-06 01:36:16,CocaCola,1,2022,,Outra Categoria,1,6
2023-04-10 16:24:35,CocaCola,1,2023,,Outra Categoria,16,0
2015-12-06 14:11:00,CocaCola,5,2015,Lançamento da campanha 'Taste the Feeling',Marketing e Posicionamento de Marca,14,6
2022-06-14 13:49:58,CocaCola,5,2022,,Outra Categoria,13,1
2023-03-06 09:50:24,CocaCola,5,2023,,Outra Categoria,9,0
2019-04-20 15:33:13,CocaCola,1,2019,,Outra Categoria,15,5
2022-02-16 18:53:25,CocaCola,1,2022,,Outra Categoria,18,2
2020-10-14 05:45:06,CocaCola,4,2020,Descontinuação de marcas menos populares; Impacto da pandemia na indústria de bebidas,Marketing e Posicionamento de Marca,5,2
2021-03-23 03:02:09,CocaCola,5,2021,,Outra Categoria,3,1
2022-09-22 22:36:02,CocaCola,1,2022,,Outra Categoria,22,3
2023-03-15 19:11:22,CocaCola,1,2023,,Outra Categoria,19,2
2019-04-25 11:04:25,CocaCola,5,2019,,Outra Categoria,11,3
2022-03-08 20:58:43,CocaCola,1,2022,,Outra Categoria,20,1
2021-02-23 00:05:32,CocaCola,5,2021,,Outra Categoria,0,1
2021-02-20 12:52:03,CocaCola,1,2021,,Outra Categoria,12,5
2020-01-26 22:53:21,CocaCola,1,2020,Descontinuação de marcas menos populares; Impacto da pandemia na indústria de bebidas,Marketing e Posicionamento de Marca,22,6
2022-07-06 15:27:21,CocaCola,1,2022,,Outra Categoria,15,2
2021-07-01 07:58:57,CocaCola,5,2021,,Outra Categoria,7,3
2022-09-21 09:31:06,CocaCola,1,2022,,Outra Categoria,9,2
2022-03-05 18:08:40,CocaCola,1,2022,,Outra Categoria,18,5
2018-08-21 16:25:27,CocaCola,3,2018,,Outra Categoria,16,1
2023-09-05 17:41:38,CocaCola,5,2023,,Outra Categoria,17,1
2022-03-19 14:34:55,CocaCola,5,2022,,Outra Categoria,14,5
2022-03-11 13:01:03,CocaCola,3,2022,,Outra Categoria,13,4
2023-05-13 10:23:18,CocaCola,4,2023,,Outra Categoria,10,5
2023-01-23 22:58:20,CocaCola,5,2023,,Outra Categoria,22,0
2019-09-07 09:51:14,CocaCola,1,2019,,Outra Categoria,9,5
2021-03-16 00:18:11,CocaCola,1,2021,,Outra Categoria,0,1
2020-10-24 14:59:52,CocaCola,5,2020,Descontinuação de marcas menos populares; Impacto da pandemia na indústria de bebidas,Marketing e Posicionamento de Marca,14,5
2023-02-24 14:04:47,CocaCola,1,2023,,Outra Categoria,14,4
2018-10-03 10:03:12,CocaCola,1,2018,,Outra Categoria,10,2
2020-12-08 04:16:18,CocaCola,1,2020,Descontinuação de marcas menos populares; Impacto da pandemia na indústria de bebidas,Marketing e Posicionamento de Marca,4,1
2020-08-08 10:55:27,CocaCola,2,2020,Descontinuação de marcas menos populares; Impacto da pandemia na indústria de bebidas,Marketing e Posicionamento de Marca,10,5
2022-06-29 11:06:50,CocaCola,3,2022,,Outra Categoria,11,2
2019-07-25 11:18:21,CocaCola,5,2019,,Outra Categoria,11,3
2017-12-21 13:16:22,CocaCola,5,2017,,Outra Categoria,13,3
2023-04-09 20:43:25,CocaCola,4,2023,,Outra Categoria,20,6
2022-08-20 08:25:07,CocaCola,1,2022,,Outra Categoria,8,5
2022-12-14 17:18:14,CocaCola,4,2022,,Outra Categoria,17,2
2018-11-28 15:33:41,Pepsi,1,2018,,Outra Categoria,15,2
2023-02-28 15:44:38,Pepsi,5,2023,,Outra Categoria,15,1
2023-06-18 15:56:31,Pepsi,4,2023,,Outra Categoria,15,6
2023-07-30 20:43:34,Pepsi,5,2023,,Outra Categoria,20,6
2022-05-01 18:30:43,Pepsi,1,2022,,Outra Categoria,18,6
2023-08-31 08:40:42,Pepsi,5,2023,,Outra Categoria,8,3
2023-05-02 14:18:02,Pepsi,1,2023,,Outra Categoria,14,1
2023-09-02 18:20:29,Pepsi,1,2023,,Outra Categoria,18,5
2020-02-23 09:42:40,Pepsi,5,2020,Mudança de nome e embalagem de Tia Jemima para Pearl Milling Company,Marketing e Posicionamento de Marca,9,6
2023-08-31 06:37:50,Pepsi,5,2023,,Outra Categoria,6,3
2023-02-25 02:09:28,Pepsi,1,2023,,Outra Categoria,2,5
2023-02-20 01:01:40,Pepsi,1,2023,,Outra Categoria,1,0
2022-12-16 21:02:18,Pepsi,4,2022,,Outra Categoria,21,4
2023-02-13 15:25:08,Pepsi,5,2023,,Outra Categoria,15,0
2023-04-07 13:47:51,Pepsi,5,2023,,Outra Categoria,13,4
2023-05-01 20:07:09,Pepsi,5,2023,,Outra Categoria,20,0
2021-11-20 17:19:15,Pepsi,5,2021,,Outra Categoria,17,5
2023-09-05 07:05:11,Pepsi,5,2023,,Outra Categoria,7,1
2015-04-09 13:55:28,Pepsi,3,2015,Lançamento da campanha 'Live for Now',Marketing e Posicionamento de Marca,13,3
2021-06-07 09:49:07,Pepsi,5,2021,,Outra Categoria,9,0
2020-01-15 17:05:53,Pepsi,5,2020,Mudança de nome e embalagem de Tia Jemima para Pearl Milling Company,Marketing e Posicionamento de Marca,17,2
2021-01-04 10:00:36,Pepsi,5,2021,,Outra Categoria,10,0
2019-03-09 13:42:46,Pepsi,5,2019,Lançamento de campanhas como 'Pepsi Generations',,13,5
2023-02-06 17:41:38,Pepsi,5,2023,,Outra Categoria,17,0
2019-10-10 02:02:18,Pepsi,5,2019,Lançamento de campanhas como 'Pepsi Generations',,2,3
2019-05-31 14:38:17,Pepsi,4,2019,Lançamento de campanhas como 'Pepsi Generations',,14,4
2021-03-04 13:45:43,Pepsi,5,2021,,Outra Categoria,13,3
2023-04-29 17:03:25,Pepsi,1,2023,,Outra Categoria,17,5
2022-03-31 14:40:04,Pepsi,1,2022,,Outra Categoria,14,3
2021-11-30 08:52:56,Pepsi,5,2021,,Outra Categoria,8,1
2023-08-24 10:06:43,Pepsi,1,2023,,Outra Categoria,10,3
2022-12-23 16:48:47,Pepsi,5,2022,,Outra Categoria,16,4
2023-02-04 23:03:52,Pepsi,5,2023,,Outra Categoria,23,5
2020-11-09 21:48:17,Pepsi,5,2020,Mudança de nome e embalagem de Tia Jemima para Pearl Milling Company,Marketing e Posicionamento de Marca,21,0
2017-05-20 20:58:56,Pepsi,5,2017,Comercial polêmico com Kendall Jenner,Marketing e Posicionamento de Marca,20,5
2022-10-14 15:47:30,Pepsi,5,2022,,Outra Categoria,15,4
2022-08-03 11:51:20,Pepsi,5,2022,,Outra Categoria,11,2
2023-01-13 01:00:08,Pepsi,1,2023,,Outra Categoria,1,4
2023-07-03 20:11:46,Pepsi,1,2023,,Outra Categoria,20,0
2022-06-03 11:30:32,Pepsi,5,2022,,Outra Categoria,11,4
2023-01-30 01:00:15,Pepsi,5,2023,,Outra Categoria,1,0
2020-10-08 17:21:26,Pepsi,1,2020,Mudança de nome e embalagem de Tia Jemima para Pearl Milling Company,Marketing e Posicionamento de Marca,17,3
2022-03-08 01:50:44,Pepsi,1,2022,,Outra Categoria,1,1
2023-04-16 18:49:09,Pepsi,5,2023,,Outra Categoria,18,6
2021-06-10 21:13:26,Pepsi,5,2021,,Outra Categoria,21,3
2022-12-02 02:18:19,Pepsi,5,2022,,Outra Categoria,2,4
2023-03-15 01:18:52,Pepsi,3,2023,,Outra Categoria,1,2
2023-06-05 11:41:49,Pepsi,3,2023,,Outra Categoria,11,0
2022-09-22 18:01:39,Pepsi,5,2022,,Outra Categoria,18,3
2017-04-06 17:54:56,Pepsi,5,2017,Comercial polêmico com Kendall Jenner,Marketing e Posicionamento de Marca,17,3
2022-02-05 01:18:15,Pepsi,5,2022,,Outra Categoria,1,5
2023-06-03 14:08:09,Pepsi,5,2023,,Outra Categoria,14,5
2018-12-10 18:19:43,Pepsi,1,2018,,Outra Categoria,18,0
2021-09-08 01:51:30,Pepsi,5,2021,,Outra Categoria,1,2
2019-07-25 05:25:15,Pepsi,1,2019,Lançamento de campanhas como 'Pepsi Generations',,5,3
2022-02-06 23:35:10,Pepsi,5,2022,,Outra Categoria,23,6
2022-11-18 19:10:56,Pepsi,1,2022,,Outra Categoria,19,4
2020-05-28 08:35:02,Pepsi,4,2020,Mudança de nome e embalagem de Tia Jemima para Pearl Milling Company,Marketing e Posicionamento de Marca,8,3
2019-11-30 23:07:35,Pepsi,5,2019,Lançamento de campanhas como 'Pepsi Generations',,23,5
2022-11-11 12:01:57,Pepsi,3,2022,,Outra Categoria,12,4
2017-03-31 17:13:07,Pepsi,5,2017,Comercial polêmico com Kendall Jenner,Marketing e Posicionamento de Marca,17,4
2022-11-11 20:44:32,Pepsi,5,2022,,Outra Categoria,20,4
2015-10-18 17:37:25,Pepsi,5,2015,Lançamento da campanha 'Live for Now',Marketing e Posicionamento de Marca,17,6
2020-06-03 03:30:45,Pepsi,1,2020,Mudança de nome e embalagem de Tia Jemima para Pearl Milling Company,Marketing e Posicionamento de Marca,3,2
2020-06-02 14:10:51,Pepsi,5,2020,Mudança de nome e embalagem de Tia Jemima para Pearl Milling Company,Marketing e Posicionamento de Marca,14,1
2022-09-14 20:08:36,Pepsi,1,2022,,Outra Categoria,20,2
2020-03-26 04:39:20,Pepsi,5,2020,Mudança de nome e embalagem de Tia Jemima para Pearl Milling Company,Marketing e Posicionamento de Marca,4,3
2020-06-11 04:15:10,Pepsi,5,2020,Mudança de nome e embalagem de Tia Jemima para Pearl Milling Company,Marketing e Posicionamento de Marca,4,3
2021-02-27 14:32:19,Pepsi,3,2021,,Outra Categoria,14,5
2017-12-18 08:14:21,Pepsi,5,2017,Comercial polêmico com Kendall Jenner,Marketing e Posicionamento de Marca,8,0
2023-01-12 20:12:19,Pepsi,1,2023,,Outra Categoria,20,3
2023-02-14 15:03:12,Pepsi,1,2023,,Outra Categoria,15,1
2021-08-13 11:50:41,Pepsi,5,2021,,Outra Categoria,11,4
2020-04-14 12:02:21,Pepsi,1,2020,Mudança de nome e embalagem de Tia Jemima para Pearl Milling Company,Marketing e Posicionamento de Marca,12,1
2019-04-28 08:26:39,Pepsi,4,2019,Lançamento de campanhas como 'Pepsi Generations',,8,6
2020-10-29 14:22:14,Pepsi,5,2020,Mudança de nome e embalagem de Tia Jemima para Pearl Milling Company,Marketing e Posicionamento de Marca,14,3
2023-01-09 06:03:33,Pepsi,5,2023,,Outra Categoria,6,0
2021-09-20 11:48:15,Pepsi,5,2021,,Outra Categoria,11,0
2018-07-04 17:31:43,Pepsi,5,2018,,Outra Categoria,17,2
2017-04-22 00:41:24,Pepsi,5,2017,Comercial polêmico com Kendall Jenner,Marketing e Posicionamento de Marca,0,5
2023-08-14 02:30:24,Pepsi,5,2023,,Outra Categoria,2,0
2021-04-18 11:23:31,Pepsi,1,2021,,Outra Categoria,11,6
2018-08-17 23:59:21,Pepsi,5,2018,,Outra Categoria,23,4
2022-03-06 01:36:16,Pepsi,1,2022,,Outra Categoria,1,6
2021-04-04 12:00:05,Pepsi,5,2021,,Outra Categoria,12,6
2020-06-04 04:44:44,Pepsi,5,2020,Mudança de nome e embalagem de Tia Jemima para Pearl Milling Company,Marketing e Posicionamento de Marca,4,3
2023-09-12 14:08:14,Pepsi,5,2023,,Outra Categoria,14,1
2018-05-10 01:10:00,Pepsi,3,2018,,Outra Categoria,1,3
2021-07-18 11:10:59,Pepsi,1,2021,,Outra Categoria,11,6
2022-10-16 13:16:36,Pepsi,5,2022,,Outra Categoria,13,6
2023-01-14 17:04:51,Pepsi,5,2023,,Outra Categoria,17,5
2020-10-14 05:45:06,Pepsi,4,2020,Mudança de nome e embalagem de Tia Jemima para Pearl Milling Company,Marketing e Posicionamento de Marca,5,2
2018-09-11 19:18:24,Pepsi,5,2018,,Outra Categoria,19,1
2020-03-30 18:18:21,Pepsi,5,2020,Mudança de nome e embalagem de Tia Jemima para Pearl Milling Company,Marketing e Posicionamento de Marca,18,0
2023-07-27 08:01:33,Pepsi,5,2023,,Outra Categoria,8,3
2019-09-04 12:58:46,Pepsi,4,2019,Lançamento de campanhas como 'Pepsi Generations',,12,2
2023-09-06 09:02:41,McDonalds,1,2023,,Outra Categoria,9,2
2023-05-14 14:02:57,McDonalds,4,2023,,Outra Categoria,14,6
2023-09-12 11:12:38,McDonalds,4,2023,,Outra Categoria,11,1
2023-06-17 15:16:13,McDonalds,1,2023,,Outra Categoria,15,5
2023-09-25 15:10:21,McDonalds,1,2023,,Outra Categoria,15,0
2021-06-22 10:41:38,McDonalds,5,2021,,Outra Categoria,10,1
2022-11-02 14:26:16,McDonalds,4,2022,,Outra Categoria,14,2
2022-04-21 18:15:47,McDonalds,1,2022,,Outra Categoria,18,3
2023-07-27 15:02:09,McDonalds,1,2023,,Outra Categoria,15,3
2022-07-31 20:32:40,McDonalds,5,2022,,Outra Categoria,20,6
2023-08-23 13:12:19,McDonalds,4,2023,,Outra Categoria,13,2
2023-09-15 21:20:58,McDonalds,5,2023,,Outra Categoria,21,4
2023-09-28 16:09:30,McDonalds,1,2023,,Outra Categoria,16,3
2023-07-03 18:44:46,McDonalds,1,2023,,Outra Categoria,18,0
2023-03-31 02:37:56,McDonalds,3,2023,,Outra Categoria,2,4
2023-08-02 23:12:34,McDonalds,3,2023,,Outra Categoria,23,2
2023-09-16 10:40:27,McDonalds,5,2023,,Outra Categoria,10,5
2023-08-18 14:47:58,McDonalds,1,2023,,Outra Categoria,14,4
2021-11-22 23:51:47,McDonalds,1,2021,,Outra Categoria,23,0
2023-08-06 00:09:15,McDonalds,1,2023,,Outra Categoria,0,6
2022-02-10 13:26:56,McDonalds,4,2022,,Outra Categoria,13,3
2023-09-24 21:23:25,McDonalds,1,2023,,Outra Categoria,21,6
2022-09-04 17:18:37,McDonalds,5,2022,,Outra Categoria,17,6
2023-09-16 06:14:08,McDonalds,4,2023,,Outra Categoria,6,5
2023-06-07 06:07:33,McDonalds,3,2023,,Outra Categoria,6,2
2022-03-13 17:13:04,McDonalds,1,2022,,Outra Categoria,17,6
2023-05-09 20:48:30,McDonalds,5,2023,,Outra Categoria,20,1
2023-04-15 22:39:29,McDonalds,5,2023,,Outra Categoria,22,5
2020-10-01 14:01:25,McDonalds,5,2020,Fechamento temporário de restaurantes em todo o mundo devido à pandemia COVID-19,Outra Categoria,14,3
2023-03-06 08:42:28,McDonalds,5,2023,,Outra Categoria,8,0
2023-09-09 07:31:27,McDonalds,1,2023,,Outra Categoria,7,5
2022-11-06 10:34:06,McDonalds,5,2022,,Outra Categoria,10,6
2023-09-23 21:17:21,McDonalds,1,2023,,Outra Categoria,21,5
2023-03-15 22:03:18,McDonalds,5,2023,,Outra Categoria,22,2
2023-03-05 15:29:41,McDonalds,1,2023,,Outra Categoria,15,6
2022-12-27 20:38:02,McDonalds,5,2022,,Outra Categoria,20,1
2022-12-03 14:30:02,McDonalds,5,2022,,Outra Categoria,14,5
2023-04-21 11:23:49,McDonalds,5,2023,,Outra Categoria,11,4
2023-09-22 06:01:37,McDonalds,5,2023,,Outra Categoria,6,4
2023-06-18 18:05:08,McDonalds,1,2023,,Outra Categoria,18,6
2023-01-24 14:11:31,McDonalds,1,2023,,Outra Categoria,14,1
2022-12-10 21:08:21,McDonalds,1,2022,,Outra Categoria,21,5
2023-09-26 13:32:16,McDonalds,3,2023,,Outra Categoria,13,1
2023-03-11 15:53:38,McDonalds,5,2023,,Outra Categoria,15,5
2023-01-18 08:57:31,McDonalds,5,2023,,Outra Categoria,8,2
2022-08-07 12:07:21,McDonalds,5,2022,,Outra Categoria,12,6
2023-01-16 04:01:28,McDonalds,1,2023,,Outra Categoria,4,0
2023-06-20 20:38:10,McDonalds,1,2023,,Outra Categoria,20,1
2022-11-17 03:25:23,McDonalds,4,2022,,Outra Categoria,3,3
2022-01-14 07:35:32,McDonalds,3,2022,,Outra Categoria,7,4
2022-12-02 15:10:47,McDonalds,5,2022,,Outra Categoria,15,4
2019-09-15 20:47:54,McDonalds,1,2019,,Outra Categoria,20,6
2020-06-04 10:44:10,McDonalds,1,2020,Fechamento temporário de restaurantes em todo o mundo devido à pandemia COVID-19,Outra Categoria,10,3
2022-12-03 10:21:33,McDonalds,5,2022,,Outra Categoria,10,5
2023-03-29 15:35:44,McDonalds,1,2023,,Outra Categoria,15,2
2022-06-06 11:16:49,McDonalds,5,2022,,Outra Categoria,11,0
2023-02-27 08:19:26,McDonalds,5,2023,,Outra Categoria,8,0
2022-10-12 11:27:51,McDonalds,5,2022,,Outra Categoria,11,2
2022-12-31 09:10:05,McDonalds,5,2022,,Outra Categoria,9,5
2021-10-29 18:01:52,McDonalds,1,2021,,Outra Categoria,18,4
2023-02-27 06:12:06,McDonalds,5,2023,,Outra Categoria,6,0
2019-07-24 19:20:43,McDonalds,4,2019,,Outra Categoria,19,2
2023-09-25 01:14:55,McDonalds,5,2023,,Outra Categoria,1,0
2021-07-26 13:18:01,McDonalds,1,2021,,Outra Categoria,13,0
2022-03-31 07:59:40,McDonalds,4,2022,,Outra Categoria,7,3
2022-10-18 01:50:39,McDonalds,3,2022,,Outra Categoria,1,1
2022-07-01 15:22:06,McDonalds,1,2022,,Outra Categoria,15,4
2023-08-17 12:58:14,McDonalds,5,2023,,Outra Categoria,12,3
2022-03-13 18:09:52,McDonalds,1,2022,,Outra Categoria,18,6
2022-10-28 17:02:06,McDonalds,5,2022,,Outra Categoria,17,4
2023-03-04 08:19:02,McDonalds,5,2023,,Outra Categoria,8,5
2023-05-24 20:20:18,McDonalds,5,2023,,Outra Categoria,20,2
2016-09-10 12:38:05,McDonalds,5,2016,Lançamento do programa 'All Day Breakfast' nos EUA,,12,5
2022-12-23 20:06:57,McDonalds,1,2022,,Outra Categoria,20,4
2020-05-16 21:56:51,McDonalds,5,2020,Fechamento temporário de restaurantes em todo o mundo devido à pandemia COVID-19,Outra Categoria,21,5
2023-09-10 02:41:51,McDonalds,5,2023,,Outra Categoria,2,6
2023-06-03 13:16:44,McDonalds,1,2023,,Outra Categoria,13,5
2022-12-09 12:45:25,McDonalds,1,2022,,Outra Categoria,12,4
2019-11-03 10:06:10,McDonalds,4,2019,,Outra Categoria,10,6
2022-05-29 17:34:56,McDonalds,1,2022,,Outra Categoria,17,6
2023-09-22 17:28:23,McDonalds,5,2023,,Outra Categoria,17,4
2021-06-03 15:14:36,McDonalds,5,2021,,Outra Categoria,15,3
2020-12-05 23:06:09,McDonalds,5,2020,Fechamento temporário de restaurantes em todo o mundo devido à pandemia COVID-19,Outra Categoria,23,5
2022-02-06 03:10:17,McDonalds,5,2022,,Outra Categoria,3,6
2020-02-16 12:23:46,McDonalds,5,2020,Fechamento temporário de restaurantes em todo o mundo devido à pandemia COVID-19,Outra Categoria,12,6
2020-10-01 14:00:54,McDonalds,5,2020,Fechamento temporário de restaurantes em todo o mundo devido à pandemia COVID-19,Outra Categoria,14,3
2022-09-09 08:15:22,McDonalds,5,2022,,Outra Categoria,8,4
2020-03-06 22:26:04,McDonalds,1,2020,Fechamento temporário de restaurantes em todo o mundo devido à pandemia COVID-19,Outra Categoria,22,4
2023-08-27 00:51:00,McDonalds,5,2023,,Outra Categoria,0,6
2021-12-17 02:58:39,McDonalds,1,2021,,Outra Categoria,2,4
2021-03-04 03:56:05,McDonalds,1,2021,,Outra Categoria,3,3
2021-10-13 05:08:21,McDonalds,5,2021,,Outra Categoria,5,2
2022-01-29 14:01:31,McDonalds,1,2022,,Outra Categoria,14,5
2023-04-23 20:42:48,McDonalds,1,2023,,Outra Categoria,20,6
2023-09-18 15:17:44,McDonalds,5,2023,,Outra Categoria,15,0
2022-03-09 03:26:42,McDonalds,5,2022,,Outra Categoria,3,2
2023-09-23 08:43:19,McDonalds,4,2023,,Outra Categoria,8,5
2020-06-05 13:50:55,McDonalds,1,2020,Fechamento temporário de restaurantes em todo o mundo devido à pandemia COVID-19,Outra Categoria,13,4
2022-12-12 17:38:22,BurgerKing,1,2022,,Outra Categoria,17,0
2023-05-14 22:32:47,BurgerKing,5,2023,,Outra Categoria,22,6
2019-08-03 17:18:14,BurgerKing,4,2019,Introdução do hambúrguer à base de plantas 'Impossible Whopper',,17,5
2023-04-21 15:42:21,BurgerKing,5,2023,,Outra Categoria,15,4
2023-07-10 18:06:48,BurgerKing,5,2023,,Outra Categoria,18,0
2023-08-21 13:53:03,BurgerKing,5,2023,,Outra Categoria,13,0
2023-04-04 08:56:02,BurgerKing,5,2023,,Outra Categoria,8,1
2023-09-19 03:20:20,BurgerKing,1,2023,,Outra Categoria,3,1
2023-08-30 02:42:07,BurgerKing,1,2023,,Outra Categoria,2,2
2023-05-08 11:33:18,BurgerKing,5,2023,,Outra Categoria,11,0
2022-01-16 08:56:59,BurgerKing,5,2022,,Outra Categoria,8,6
2023-07-25 13:54:28,BurgerKing,5,2023,,Outra Categoria,13,1
2019-08-12 10:20:00,BurgerKing,4,2019,Introdução do hambúrguer à base de plantas 'Impossible Whopper',,10,0
2023-02-04 09:23:25,BurgerKing,1,2023,,Outra Categoria,9,5
2022-04-05 11:19:50,BurgerKing,4,2022,,Outra Categoria,11,1
2023-08-29 16:03:39,BurgerKing,1,2023,,Outra Categoria,16,1
2023-09-27 15:40:13,BurgerKing,1,2023,,Outra Categoria,15,2
2023-05-23 03:54:37,BurgerKing,5,2023,,Outra Categoria,3,1
2022-03-30 07:58:59,BurgerKing,5,2022,,Outra Categoria,7,2
2021-05-03 13:53:24,BurgerKing,5,2021,,Outra Categoria,13,0
2020-08-07 08:39:03,BurgerKing,1,2020,Teste de um hambúrguer vegetariano à base de plantas em alguns mercados dos EUA; Estratégias de marketing durante a pandemia,Marketing e Posicionamento de Marca,8,4
2021-08-21 13:51:24,BurgerKing,5,2021,,Outra Categoria,13,5
2022-01-10 08:11:17,BurgerKing,1,2022,,Outra Categoria,8,0
2020-10-27 15:27:18,BurgerKing,4,2020,Teste de um hambúrguer vegetariano à base de plantas em alguns mercados dos EUA; Estratégias de marketing durante a pandemia,Marketing e Posicionamento de Marca,15,1
2023-05-27 12:15:45,BurgerKing,1,2023,,Outra Categoria,12,5
2021-11-28 21:35:30,BurgerKing,1,2021,,Outra Categoria,21,6
2022-07-18 13:46:40,BurgerKing,5,2022,,Outra Categoria,13,0
2023-06-23 18:13:32,BurgerKing,3,2023,,Outra Categoria,18,4
2023-09-26 22:27:29,BurgerKing,5,2023,,Outra Categoria,22,1
2023-07-15 16:24:12,BurgerKing,1,2023,,Outra Categoria,16,5
2023-04-27 16:49:55,BurgerKing,5,2023,,Outra Categoria,16,3
2023-05-05 23:05:22,BurgerKing,5,2023,,Outra Categoria,23,4
2023-03-25 10:59:30,BurgerKing,5,2023,,Outra Categoria,10,5
2023-09-07 01:59:44,BurgerKing,1,2023,,Outra Categoria,1,3
2023-06-08 22:13:39,BurgerKing,4,2023,,Outra Categoria,22,3
2020-12-10 07:15:15,BurgerKing,5,2020,Teste de um hambúrguer vegetariano à base de plantas em alguns mercados dos EUA; Estratégias de marketing durante a pandemia,Marketing e Posicionamento de Marca,7,3
2023-04-08 10:33:34,BurgerKing,5,2023,,Outra Categoria,10,5
2019-06-05 02:31:30,BurgerKing,5,2019,Introdução do hambúrguer à base de plantas 'Impossible Whopper',,2,2
2020-07-17 12:22:43,BurgerKing,5,2020,Teste de um hambúrguer vegetariano à base de plantas em alguns mercados dos EUA; Estratégias de marketing durante a pandemia,Marketing e Posicionamento de Marca,12,4
2022-11-29 04:55:17,BurgerKing,5,2022,,Outra Categoria,4,1
2023-04-17 04:33:19,BurgerKing,5,2023,,Outra Categoria,4,0
2023-09-18 22:06:09,BurgerKing,1,2023,,Outra Categoria,22,0
2023-09-20 09:32:16,BurgerKing,5,2023,,Outra Categoria,9,2
2022-06-15 21:51:15,BurgerKing,5,2022,,Outra Categoria,21,2
2021-09-04 00:38:40,BurgerKing,5,2021,,Outra Categoria,0,5
2022-12-12 19:07:03,BurgerKing,5,2022,,Outra Categoria,19,0
2020-11-21 12:42:47,BurgerKing,5,2020,Teste de um hambúrguer vegetariano à base de plantas em alguns mercados dos EUA; Estratégias de marketing durante a pandemia,Marketing e Posicionamento de Marca,12,5
2023-08-29 16:09:05,BurgerKing,5,2023,,Outra Categoria,16,1
2021-02-21 00:44:40,BurgerKing,3,2021,,Outra Categoria,0,6
2023-09-09 02:08:14,BurgerKing,5,2023,,Outra Categoria,2,5
2021-02-04 09:13:53,BurgerKing,5,2021,,Outra Categoria,9,3
2022-09-28 22:22:29,BurgerKing,5,2022,,Outra Categoria,22,2
2023-04-10 10:56:31,BurgerKing,4,2023,,Outra Categoria,10,0
2023-05-30 00:11:45,BurgerKing,5,2023,,Outra Categoria,0,1
2023-08-23 13:09:56,BurgerKing,5,2023,,Outra Categoria,13,2
2022-09-04 11:14:20,BurgerKing,5,2022,,Outra Categoria,11,6
2022-12-09 00:29:51,BurgerKing,5,2022,,Outra Categoria,0,4
2018-08-13 21:15:58,BurgerKing,1,2018,,Outra Categoria,21,0
2021-06-29 18:53:25,BurgerKing,1,2021,,Outra Categoria,18,1
2023-07-16 22:49:23,BurgerKing,5,2023,,Outra Categoria,22,6
2021-08-21 17:29:42,BurgerKing,5,2021,,Outra Categoria,17,5
2018-10-21 15:09:55,BurgerKing,5,2018,,Outra Categoria,15,6
2021-03-09 11:25:29,BurgerKing,5,2021,,Outra Categoria,11,1
2020-12-03 01:49:13,BurgerKing,2,2020,Teste de um hambúrguer vegetariano à base de plantas em alguns mercados dos EUA; Estratégias de marketing durante a pandemia,Marketing e Posicionamento de Marca,1,3
2020-12-04 13:59:47,BurgerKing,5,2020,Teste de um hambúrguer vegetariano à base de plantas em alguns mercados dos EUA; Estratégias de marketing durante a pandemia,Marketing e Posicionamento de Marca,13,4
2023-04-25 11:42:10,BurgerKing,4,2023,,Outra Categoria,11,1
2022-06-15 05:39:56,BurgerKing,5,2022,,Outra Categoria,5,2
2020-01-06 15:06:53,BurgerKing,5,2020,Teste de um hambúrguer vegetariano à base de plantas em alguns mercados dos EUA; Estratégias de marketing durante a pandemia,Marketing e Posicionamento de Marca,15,0
2022-03-27 12:32:07,BurgerKing,5,2022,,Outra Categoria,12,6
2017-07-23 12:23:39,BurgerKing,4,2017,Lançamento da campanha 'Google Home of the Whopper',,12,6
2019-08-21 11:07:09,BurgerKing,5,2019,Introdução do hambúrguer à base de plantas 'Impossible Whopper',,11,2
2019-09-03 13:56:49,BurgerKing,5,2019,Introdução do hambúrguer à base de plantas 'Impossible Whopper',,13,1
2020-12-22 16:02:51,BurgerKing,3,2020,Teste de um hambúrguer vegetariano à base de plantas em alguns mercados dos EUA; Estratégias de marketing durante a pandemia,Marketing e Posicionamento de Marca,16,1
2021-10-28 05:22:56,BurgerKing,1,2021,,Outra Categoria,5,3
2023-07-13 22:40:51,BurgerKing,5,2023,,Outra Categoria,22,3
2021-07-31 22:13:52,BurgerKing,5,2021,,Outra Categoria,22,5
2023-08-29 20:48:27,BurgerKing,3,2023,,Outra Categoria,20,1
2020-11-07 11:15:06,BurgerKing,1,2020,Teste de um hambúrguer vegetariano à base de plantas em alguns mercados dos EUA; Estratégias de marketing durante a pandemia,Marketing e Posicionamento de Marca,11,5
2021-03-08 16:21:44,BurgerKing,1,2021,,Outra Categoria,16,0
2021-04-18 07:53:25,BurgerKing,1,2021,,Outra Categoria,7,6
2022-07-17 12:26:45,BurgerKing,5,2022,,Outra Categoria,12,6
2023-02-17 11:31:20,BurgerKing,1,2023,,Outra Categoria,11,4
2020-12-24 20:27:23,BurgerKing,5,2020,Teste de um hambúrguer vegetariano à base de plantas em alguns mercados dos EUA; Estratégias de marketing durante a pandemia,Marketing e Posicionamento de Marca,20,3
2023-04-28 04:25:42,BurgerKing,5,2023,,Outra Categoria,4,4
2021-05-13 01:58:21,BurgerKing,5,2021,,Outra Categoria,1,3
2023-02-02 18:53:44,BurgerKing,1,2023,,Outra Categoria,18,3
2023-06-07 19:34:52,BurgerKing,1,2023,,Outra Categoria,19,2
2023-06-04 00:44:54,BurgerKing,5,2023,,Outra Categoria,0,6
2022-11-12 10:19:42,BurgerKing,5,2022,,Outra Categoria,10,5
2022-09-13 20:06:40,BurgerKing,1,2022,,Outra Categoria,20,1
2019-02-08 18:03:13,BurgerKing,5,2019,Introdução do hambúrguer à base de plantas 'Impossible Whopper',,18,4
2022-09-14 23:18:09,BurgerKing,5,2022,,Outra Categoria,23,2
2018-08-12 20:34:52,BurgerKing,3,2018,,Outra Categoria,20,6
2021-05-04 17:41:12,BurgerKing,5,2021,,Outra Categoria,17,1
2021-06-25 10:24:34,BurgerKing,1,2021,,Outra Categoria,10,4
2023-07-15 04:05:12,BurgerKing,5,2023,,Outra Categoria,4,5
2022-08-07 06:50:57,BurgerKing,1,2022,,Outra Categoria,6,6
2023-07-08 21:43:22,BurgerKing,5,2023,,Outra Categoria,21,5
2023-08-27 10:25:47,KFC,5,2023,,Outra Categoria,10,6
2023-05-31 00:40:51,KFC,1,2023,,Outra Categoria,0,2
2022-06-29 18:39:37,KFC,5,2022,,Outra Categoria,18,2
2021-10-22 09:08:15,KFC,1,2021,Introdução do frango frito à base de plantas,,9,4
2023-08-19 10:55:06,KFC,4,2023,,Outra Categoria,10,5
2022-05-26 17:55:10,KFC,5,2022,,Outra Categoria,17,3
2023-07-23 22:13:11,KFC,3,2023,,Outra Categoria,22,6
2023-08-12 14:26:06,KFC,5,2023,,Outra Categoria,14,5
2023-08-14 03:23:31,KFC,1,2023,,Outra Categoria,3,0
2022-09-05 19:54:30,KFC,5,2022,,Outra Categoria,19,0
2023-08-08 08:46:23,KFC,5,2023,,Outra Categoria,8,1
2022-09-23 03:50:41,KFC,5,2022,,Outra Categoria,3,4
2021-03-16 10:38:11,KFC,5,2021,Introdução do frango frito à base de plantas,,10,1
2023-07-19 12:25:07,KFC,1,2023,,Outra Categoria,12,2
2021-02-10 00:29:44,KFC,5,2021,Introdução do frango frito à base de plantas,,0,2
2022-11-14 01:59:02,KFC,4,2022,,Outra Categoria,1,0
2023-08-20 00:36:51,KFC,5,2023,,Outra Categoria,0,6
2021-05-05 19:28:49,KFC,5,2021,Introdução do frango frito à base de plantas,,19,2
2020-06-21 16:52:02,KFC,4,2020,Suspensão temporária do slogan 'Finger Lickin' Good' devido à pandemia COVID-19,,16,6
2023-01-02 14:19:28,KFC,3,2023,,Outra Categoria,14,0
2021-05-07 23:17:19,KFC,5,2021,Introdução do frango frito à base de plantas,,23,4
2023-06-13 10:32:07,KFC,5,2023,,Outra Categoria,10,1
2021-12-14 00:27:18,KFC,1,2021,Introdução do frango frito à base de plantas,,0,1
2023-08-28 13:59:57,KFC,1,2023,,Outra Categoria,13,0
2021-04-08 11:05:01,KFC,5,2021,Introdução do frango frito à base de plantas,,11,3
2022-02-28 15:55:48,KFC,5,2022,,Outra Categoria,15,0
2017-11-07 18:21:27,KFC,1,2017,Problemas de fornecimento de frango no Reino Unido,,18,1
2021-02-22 06:35:23,KFC,1,2021,Introdução do frango frito à base de plantas,,6,0
2021-10-17 15:20:34,KFC,5,2021,Introdução do frango frito à base de plantas,,15,6
2023-06-07 20:13:11,KFC,4,2023,,Outra Categoria,20,2
2022-12-12 13:00:24,KFC,1,2022,,Outra Categoria,13,0
2021-11-18 02:34:20,KFC,1,2021,Introdução do frango frito à base de plantas,,2,3
2021-11-19 07:28:56,KFC,5,2021,Introdução do frango frito à base de plantas,,7,4
2020-09-30 20:08:25,KFC,5,2020,Suspensão temporária do slogan 'Finger Lickin' Good' devido à pandemia COVID-19,,20,2
2023-04-12 17:11:12,KFC,3,2023,,Outra Categoria,17,2
2023-09-22 11:58:24,KFC,4,2023,,Outra Categoria,11,4
2022-12-21 06:44:42,KFC,5,2022,,Outra Categoria,6,2
2022-09-19 18:59:03,KFC,4,2022,,Outra Categoria,18,0
2020-10-23 11:23:34,KFC,5,2020,Suspensão temporária do slogan 'Finger Lickin' Good' devido à pandemia COVID-19,,11,4
2020-05-03 03:43:57,KFC,4,2020,Suspensão temporária do slogan 'Finger Lickin' Good' devido à pandemia COVID-19,,3,6
2022-12-30 15:41:26,KFC,5,2022,,Outra Categoria,15,4
2023-05-20 13:24:51,KFC,5,2023,,Outra Categoria,13,5
2023-08-13 14:59:17,KFC,5,2023,,Outra Categoria,14,6
2021-06-15 16:57:32,KFC,5,2021,Introdução do frango frito à base de plantas,,16,1
2020-04-20 14:57:34,KFC,5,2020,Suspensão temporária do slogan 'Finger Lickin' Good' devido à pandemia COVID-19,,14,0
2018-06-08 12:43:01,KFC,5,2018,,Outra Categoria,12,4
2023-08-25 21:07:45,KFC,5,2023,,Outra Categoria,21,4
2021-06-26 14:52:29,KFC,3,2021,Introdução do frango frito à base de plantas,,14,5
2023-09-13 00:44:33,KFC,4,2023,,Outra Categoria,0,2
2023-09-14 09:11:13,KFC,3,2023,,Outra Categoria,9,3
2023-08-18 12:05:00,KFC,5,2023,,Outra Categoria,12,4
2019-06-01 23:16:47,KFC,5,2019,,Outra Categoria,23,5
2023-09-24 08:18:50,KFC,2,2023,,Outra Categoria,8,6
2022-02-24 21:20:57,KFC,5,2022,,Outra Categoria,21,3
2022-12-12 15:37:08,KFC,5,2022,,Outra Categoria,15,0
2021-12-27 17:25:02,KFC,5,2021,Introdução do frango frito à base de plantas,,17,0
2023-04-09 22:09:00,KFC,5,2023,,Outra Categoria,22,6
2023-05-05 04:31:51,KFC,1,2023,,Outra Categoria,4,4
2020-05-05 17:07:41,KFC,4,2020,Suspensão temporária do slogan 'Finger Lickin' Good' devido à pandemia COVID-19,,17,1
2023-02-06 12:32:04,KFC,5,2023,,Outra Categoria,12,0
2022-01-27 10:34:55,KFC,5,2022,,Outra Categoria,10,3
2018-11-09 19:44:22,KFC,5,2018,,Outra Categoria,19,4
2021-06-14 12:51:04,KFC,5,2021,Introdução do frango frito à base de plantas,,12,0
2021-05-02 09:01:56,KFC,1,2021,Introdução do frango frito à base de plantas,,9,6
2023-05-08 05:54:41,KFC,3,2023,,Outra Categoria,5,0
2021-11-21 02:39:57,KFC,5,2021,Introdução do frango frito à base de plantas,,2,6
2023-05-11 02:45:55,KFC,3,2023,,Outra Categoria,2,3
2021-04-05 00:25:09,KFC,5,2021,Introdução do frango frito à base de plantas,,0,0
2015-05-19 21:11:51,KFC,5,2015,Retorno do Coronel Sanders como mascote,Inovação de Produto e Expansão de Serviços,21,1
2022-02-12 18:56:09,KFC,5,2022,,Outra Categoria,18,5
2022-04-19 19:52:18,KFC,5,2022,,Outra Categoria,19,1
2022-08-25 02:23:12,KFC,5,2022,,Outra Categoria,2,3
2022-12-24 21:55:10,KFC,4,2022,,Outra Categoria,21,5
2023-05-09 13:49:24,KFC,5,2023,,Outra Categoria,13,1
2021-06-17 16:44:42,KFC,5,2021,Introdução do frango frito à base de plantas,,16,3
2023-05-03 09:52:37,KFC,5,2023,,Outra Categoria,9,2
2021-12-20 16:12:47,KFC,5,2021,Introdução do frango frito à base de plantas,,16,0
2022-06-29 03:42:57,KFC,5,2022,,Outra Categoria,3,2
2019-11-01 16:21:25,KFC,5,2019,,Outra Categoria,16,4
2020-07-03 07:29:29,KFC,4,2020,Suspensão temporária do slogan 'Finger Lickin' Good' devido à pandemia COVID-19,,7,4
2021-09-29 13:03:45,KFC,5,2021,Introdução do frango frito à base de plantas,,13,2
2023-09-21 17:24:01,KFC,1,2023,,Outra Categoria,17,3
2019-11-15 11:54:50,KFC,3,2019,,Outra Categoria,11,4
2021-08-31 08:35:38,KFC,1,2021,Introdução do frango frito à base de plantas,,8,1
2018-07-04 06:15:06,KFC,5,2018,,Outra Categoria,6,2
2021-11-01 18:32:37,KFC,1,2021,Introdução do frango frito à base de plantas,,18,0
2020-08-07 23:05:51,KFC,3,2020,Suspensão temporária do slogan 'Finger Lickin' Good' devido à pandemia COVID-19,,23,4
2019-03-29 00:01:17,KFC,5,2019,,Outra Categoria,0,4
2022-04-24 17:48:07,KFC,1,2022,,Outra Categoria,17,6
2022-01-04 13:13:33,KFC,4,2022,,Outra Categoria,13,1
2022-01-04 23:05:02,KFC,5,2022,,Outra Categoria,23,1
2017-12-24 11:12:04,KFC,4,2017,Problemas de fornecimento de frango no Reino Unido,,11,6
2019-05-10 10:39:55,KFC,5,2019,,Outra Categoria,10,4
2021-03-13 11:43:25,KFC,5,2021,Introdução do frango frito à base de plantas,,11,5
2023-03-23 19:22:31,KFC,4,2023,,Outra Categoria,19,3
2023-04-28 15:37:56,KFC,5,2023,,Outra Categoria,15,4
2023-03-03 06:57:30,KFC,5,2023,,Outra Categoria,6,4
2020-03-09 04:49:09,PizzaHut,1,2020,"Fechamento permanente de cerca de 300 restaurantes nos EUA; Resposta à pandemia, com ênfase nas opções de entrega",Outra Categoria,4,0
2023-04-11 21:44:08,PizzaHut,5,2023,,Outra Categoria,21,1
2021-10-07 15:54:20,PizzaHut,5,2021,,Outra Categoria,15,3
2023-03-08 14:15:43,PizzaHut,5,2023,,Outra Categoria,14,2
2023-02-06 00:57:52,PizzaHut,5,2023,,Outra Categoria,0,0
2022-01-11 02:04:27,PizzaHut,5,2022,,Outra Categoria,2,1
2022-06-30 07:26:42,PizzaHut,1,2022,,Outra Categoria,7,3
2023-02-15 18:58:54,PizzaHut,3,2023,,Outra Categoria,18,2
2022-11-07 15:57:05,PizzaHut,5,2022,,Outra Categoria,15,0
2023-06-05 18:19:55,PizzaHut,4,2023,,Outra Categoria,18,0
2022-07-07 20:55:16,PizzaHut,5,2022,,Outra Categoria,20,3
2023-04-01 18:40:58,PizzaHut,1,2023,,Outra Categoria,18,5
2023-04-05 05:05:47,PizzaHut,5,2023,,Outra Categoria,5,2
2020-10-15 12:10:53,PizzaHut,1,2020,"Fechamento permanente de cerca de 300 restaurantes nos EUA; Resposta à pandemia, com ênfase nas opções de entrega",Outra Categoria,12,3
2022-08-24 14:20:54,PizzaHut,5,2022,,Outra Categoria,14,2
2020-02-15 21:18:50,PizzaHut,5,2020,"Fechamento permanente de cerca de 300 restaurantes nos EUA; Resposta à pandemia, com ênfase nas opções de entrega",Outra Categoria,21,5
2023-01-31 20:12:08,PizzaHut,5,2023,,Outra Categoria,20,1
2023-03-09 18:55:58,PizzaHut,4,2023,,Outra Categoria,18,3
2022-06-25 14:32:54,PizzaHut,5,2022,,Outra Categoria,14,5
2021-10-17 17:22:04,PizzaHut,5,2021,,Outra Categoria,17,6
2023-09-24 07:24:55,PizzaHut,2,2023,,Outra Categoria,7,6
2023-09-26 00:59:49,PizzaHut,5,2023,,Outra Categoria,0,1
2023-03-24 02:41:46,PizzaHut,5,2023,,Outra Categoria,2,4
2018-02-28 16:24:06,PizzaHut,5,2018,"Foco em tecnologia, incluindo pedidos online",Outra Categoria,16,2
2022-06-05 20:51:00,PizzaHut,1,2022,,Outra Categoria,20,6
2022-06-27 18:06:12,PizzaHut,5,2022,,Outra Categoria,18,0
2021-02-03 02:18:07,PizzaHut,5,2021,,Outra Categoria,2,2
2015-01-18 20:49:10,PizzaHut,1,2015,Lançamento da campanha 'Flavor of Now',Outra Categoria,20,6
2023-08-09 23:19:39,PizzaHut,5,2023,,Outra Categoria,23,2
2021-03-22 19:12:21,PizzaHut,1,2021,,Outra Categoria,19,0
2022-05-05 20:55:48,PizzaHut,5,2022,,Outra Categoria,20,3
2022-02-18 09:58:30,PizzaHut,1,2022,,Outra Categoria,9,4
2022-10-20 21:30:17,PizzaHut,5,2022,,Outra Categoria,21,3
2023-02-27 13:35:00,PizzaHut,5,2023,,Outra Categoria,13,0
2023-09-29 16:27:18,PizzaHut,5,2023,,Outra Categoria,16,4
2016-09-15 18:12:21,PizzaHut,1,2016,Remoção de conservantes artificiais e sabores artificiais dos ingredientes até o final de julho daquele ano,Outra Categoria,18,3
2022-08-29 10:01:52,PizzaHut,5,2022,,Outra Categoria,10,0
2022-06-26 02:02:12,PizzaHut,5,2022,,Outra Categoria,2,6
2022-09-19 17:48:50,PizzaHut,1,2022,,Outra Categoria,17,0
2018-02-28 12:27:32,PizzaHut,5,2018,"Foco em tecnologia, incluindo pedidos online",Outra Categoria,12,2
2016-02-14 01:43:25,PizzaHut,1,2016,Remoção de conservantes artificiais e sabores artificiais dos ingredientes até o final de julho daquele ano,Outra Categoria,1,6
2023-04-07 14:04:59,PizzaHut,1,2023,,Outra Categoria,14,4
2023-02-19 04:56:39,PizzaHut,5,2023,,Outra Categoria,4,6
2021-10-23 09:48:45,PizzaHut,5,2021,,Outra Categoria,9,5
2022-07-12 01:04:46,PizzaHut,4,2022,,Outra Categoria,1,1
2022-01-07 12:38:57,PizzaHut,5,2022,,Outra Categoria,12,4
2020-01-01 00:37:18,PizzaHut,3,2020,"Fechamento permanente de cerca de 300 restaurantes nos EUA; Resposta à pandemia, com ênfase nas opções de entrega",Outra Categoria,0,2
2023-01-11 17:57:10,PizzaHut,5,2023,,Outra Categoria,17,2
2022-07-02 12:56:05,PizzaHut,5,2022,,Outra Categoria,12,5
2021-04-09 16:46:22,PizzaHut,5,2021,,Outra Categoria,16,4
2018-08-15 16:19:04,PizzaHut,5,2018,"Foco em tecnologia, incluindo pedidos online",Outra Categoria,16,2
2022-08-19 01:32:45,PizzaHut,4,2022,,Outra Categoria,1,4
2023-05-18 20:44:03,PizzaHut,5,2023,,Outra Categoria,20,3
2020-02-20 08:47:29,PizzaHut,5,2020,"Fechamento permanente de cerca de 300 restaurantes nos EUA; Resposta à pandemia, com ênfase nas opções de entrega",Outra Categoria,8,3
2023-06-23 22:47:49,PizzaHut,3,2023,,Outra Categoria,22,4
2021-03-29 13:03:00,PizzaHut,1,2021,,Outra Categoria,13,0
2020-11-07 13:24:30,PizzaHut,5,2020,"Fechamento permanente de cerca de 300 restaurantes nos EUA; Resposta à pandemia, com ênfase nas opções de entrega",Outra Categoria,13,5
2022-10-24 19:18:18,PizzaHut,2,2022,,Outra Categoria,19,0
2022-02-04 06:18:38,PizzaHut,1,2022,,Outra Categoria,6,4
2020-01-20 18:55:30,PizzaHut,1,2020,"Fechamento permanente de cerca de 300 restaurantes nos EUA; Resposta à pandemia, com ênfase nas opções de entrega",Outra Categoria,18,0
2022-08-18 08:51:12,PizzaHut,4,2022,,Outra Categoria,8,3
2023-01-26 22:16:36,PizzaHut,5,2023,,Outra Categoria,22,3
2020-01-13 18:16:59,PizzaHut,5,2020,"Fechamento permanente de cerca de 300 restaurantes nos EUA; Resposta à pandemia, com ênfase nas opções de entrega",Outra Categoria,18,0
2017-02-15 01:50:11,PizzaHut,5,2017,,Outra Categoria,1,2
2022-04-22 23:35:57,PizzaHut,4,2022,,Outra Categoria,23,4
2015-05-03 22:11:57,PizzaHut,1,2015,Lançamento da campanha 'Flavor of Now',Outra Categoria,22,6
2020-02-27 10:24:17,PizzaHut,5,2020,"Fechamento permanente de cerca de 300 restaurantes nos EUA; Resposta à pandemia, com ênfase nas opções de entrega",Outra Categoria,10,3
2022-02-01 21:22:00,PizzaHut,3,2022,,Outra Categoria,21,1
2020-12-01 19:27:09,PizzaHut,5,2020,"Fechamento permanente de cerca de 300 restaurantes nos EUA; Resposta à pandemia, com ênfase nas opções de entrega",Outra Categoria,19,1
2020-12-29 16:37:47,PizzaHut,5,2020,"Fechamento permanente de cerca de 300 restaurantes nos EUA; Resposta à pandemia, com ênfase nas opções de entrega",Outra Categoria,16,1
2015-02-05 20:03:48,PizzaHut,4,2015,Lançamento da campanha 'Flavor of Now',Outra Categoria,20,3
2022-11-27 02:27:35,PizzaHut,1,2022,,Outra Categoria,2,6
2022-09-21 13:31:47,PizzaHut,1,2022,,Outra Categoria,13,2
2021-05-05 17:09:39,PizzaHut,5,2021,,Outra Categoria,17,2
2023-05-19 19:28:58,PizzaHut,5,2023,,Outra Categoria,19,4
2020-02-28 01:00:05,PizzaHut,5,2020,"Fechamento permanente de cerca de 300 restaurantes nos EUA; Resposta à pandemia, com ênfase nas opções de entrega",Outra Categoria,1,4
2022-10-26 05:33:20,PizzaHut,5,2022,,Outra Categoria,5,2
2017-05-30 15:50:28,PizzaHut,5,2017,,Outra Categoria,15,1
2017-09-11 22:53:03,PizzaHut,1,2017,,Outra Categoria,22,0
2023-09-25 18:12:14,PizzaHut,5,2023,,Outra Categoria,18,0
2018-01-05 06:43:39,PizzaHut,1,2018,"Foco em tecnologia, incluindo pedidos online",Outra Categoria,6,4
2023-08-25 15:26:20,PizzaHut,1,2023,,Outra Categoria,15,4
2023-07-17 14:04:16,PizzaHut,5,2023,,Outra Categoria,14,0
2021-07-11 13:15:37,PizzaHut,5,2021,,Outra Categoria,13,6
2023-03-03 21:28:29,PizzaHut,1,2023,,Outra Categoria,21,4
2017-04-19 12:46:22,PizzaHut,1,2017,,Outra Categoria,12,2
2020-02-03 22:24:45,PizzaHut,5,2020,"Fechamento permanente de cerca de 300 restaurantes nos EUA; Resposta à pandemia, com ênfase nas opções de entrega",Outra Categoria,22,0
2022-05-28 11:10:34,PizzaHut,1,2022,,Outra Categoria,11,5
2021-11-02 08:36:44,PizzaHut,1,2021,,Outra Categoria,8,1
2021-06-18 16:42:38,PizzaHut,5,2021,,Outra Categoria,16,4
2020-12-23 00:14:06,PizzaHut,5,2020,"Fechamento permanente de cerca de 300 restaurantes nos EUA; Resposta à pandemia, com ênfase nas opções de entrega",Outra Categoria,0,2
2020-07-01 11:43:28,PizzaHut,1,2020,"Fechamento permanente de cerca de 300 restaurantes nos EUA; Resposta à pandemia, com ênfase nas opções de entrega",Outra Categoria,11,2
2019-12-14 17:52:01,PizzaHut,5,2019,,Outra Categoria,17,5
2023-09-27 00:30:03,PizzaHut,5,2023,,Outra Categoria,0,2
2020-11-08 02:28:20,PizzaHut,5,2020,"Fechamento permanente de cerca de 300 restaurantes nos EUA; Resposta à pandemia, com ênfase nas opções de entrega",Outra Categoria,2,6
2022-09-15 11:51:33,PizzaHut,5,2022,,Outra Categoria,11,3
2018-05-02 11:26:09,PizzaHut,5,2018,"Foco em tecnologia, incluindo pedidos online",Outra Categoria,11,2
2021-03-22 08:03:37,Subway,3,2021,Introdução de alternativas de carne à base de plantas,Outra Categoria,8,0
2023-09-30 20:58:17,Subway,3,2023,,Outra Categoria,20,5
2023-04-30 14:33:51,Subway,5,2023,,Outra Categoria,14,6
2021-04-28 11:05:18,Subway,4,2021,Introdução de alternativas de carne à base de plantas,Outra Categoria,11,2
2023-06-09 13:00:21,Subway,5,2023,,Outra Categoria,13,4
2023-01-29 22:28:06,Subway,5,2023,,Outra Categoria,22,6
2023-04-05 10:26:41,Subway,5,2023,,Outra Categoria,10,2
2023-06-12 18:03:45,Subway,5,2023,,Outra Categoria,18,0
2023-02-20 04:36:24,Subway,5,2023,,Outra Categoria,4,0
2023-06-06 17:16:52,Subway,5,2023,,Outra Categoria,17,1
2023-07-02 20:56:07,Subway,1,2023,,Outra Categoria,20,6
2023-09-30 10:26:34,Subway,1,2023,,Outra Categoria,10,5
2022-03-29 00:49:33,Subway,4,2022,,Outra Categoria,0,1
2022-03-26 15:15:24,Subway,5,2022,,Outra Categoria,15,5
2023-05-23 08:51:21,Subway,5,2023,,Outra Categoria,8,1
2023-09-18 01:44:34,Subway,1,2023,,Outra Categoria,1,0
2023-09-30 08:34:19,Subway,1,2023,,Outra Categoria,8,5
2023-05-10 17:01:37,Subway,5,2023,,Outra Categoria,17,2
2023-06-01 22:31:27,Subway,4,2023,,Outra Categoria,22,3
2023-03-12 02:26:30,Subway,1,2023,,Outra Categoria,2,6
2023-07-31 17:46:37,Subway,1,2023,,Outra Categoria,17,0
2023-09-29 17:37:15,Subway,1,2023,,Outra Categoria,17,4
2022-04-12 13:26:41,Subway,4,2022,,Outra Categoria,13,1
2022-07-13 20:55:19,Subway,5,2022,,Outra Categoria,20,2
2022-10-02 14:09:36,Subway,5,2022,,Outra Categoria,14,6
2023-09-23 22:15:26,Subway,5,2023,,Outra Categoria,22,5
2022-09-28 14:18:49,Subway,5,2022,,Outra Categoria,14,2
2023-06-27 06:07:59,Subway,1,2023,,Outra Categoria,6,1
2023-03-06 14:38:41,Subway,5,2023,,Outra Categoria,14,0
2023-01-07 20:31:06,Subway,4,2023,,Outra Categoria,20,5
2023-07-27 14:49:25,Subway,1,2023,,Outra Categoria,14,3
2023-01-22 02:18:57,Subway,1,2023,,Outra Categoria,2,6
2023-06-18 23:49:24,Subway,5,2023,,Outra Categoria,23,6
2022-11-19 23:55:12,Subway,4,2022,,Outra Categoria,23,5
2022-10-26 10:41:25,Subway,5,2022,,Outra Categoria,10,2
2021-03-06 18:38:12,Subway,5,2021,Introdução de alternativas de carne à base de plantas,Outra Categoria,18,5
2023-09-22 05:28:18,Subway,5,2023,,Outra Categoria,5,4
2023-02-28 21:48:09,Subway,1,2023,,Outra Categoria,21,1
2016-06-21 10:43:16,Subway,1,2016,Mudança para carne sem antibióticos nos restaurantes dos EUA até o final daquele ano; Mudança para ingredientes naturais e orgânicos,Outra Categoria,10,1
2022-12-31 03:03:27,Subway,5,2022,,Outra Categoria,3,5
2023-01-10 19:20:30,Subway,1,2023,,Outra Categoria,19,1
2022-06-05 00:30:05,Subway,5,2022,,Outra Categoria,0,6
2018-09-12 20:06:56,Subway,5,2018,,Outra Categoria,20,2
2023-08-29 05:56:07,Subway,3,2023,,Outra Categoria,5,1
2023-01-29 14:59:48,Subway,5,2023,,Outra Categoria,14,6
2020-10-20 15:49:34,Subway,5,2020,Processo por um grupo de clientes alegando que os sanduíches continham menos atum do que o anunciado,Outra Categoria,15,1
2015-08-10 16:33:16,Subway,5,2015,Remoção do ingrediente químico controverso azodicarbonamida do pão após uma petição online,Outra Categoria,16,0
2023-07-23 09:22:57,Subway,5,2023,,Outra Categoria,9,6
2022-11-30 11:59:44,Subway,1,2022,,Outra Categoria,11,2
2023-09-20 15:25:17,Subway,5,2023,,Outra Categoria,15,2
2022-06-29 13:08:12,Subway,5,2022,,Outra Categoria,13,2
2022-06-27 16:17:54,Subway,5,2022,,Outra Categoria,16,0
2022-11-11 12:14:06,Subway,5,2022,,Outra Categoria,12,4
2021-08-17 23:56:33,Subway,5,2021,Introdução de alternativas de carne à base de plantas,Outra Categoria,23,1
2020-12-12 19:34:56,Subway,1,2020,Processo por um grupo de clientes alegando que os sanduíches continham menos atum do que o anunciado,Outra Categoria,19,5
2021-03-06 16:22:04,Subway,5,2021,Introdução de alternativas de carne à base de plantas,Outra Categoria,16,5
2022-10-23 18:16:24,Subway,5,2022,,Outra Categoria,18,6
2022-01-02 20:49:48,Subway,1,2022,,Outra Categoria,20,6
2022-06-26 22:18:02,Subway,5,2022,,Outra Categoria,22,6
2023-09-28 04:12:19,Subway,1,2023,,Outra Categoria,4,3
2022-12-02 10:03:56,Subway,1,2022,,Outra Categoria,10,4
2023-09-29 17:22:22,Subway,5,2023,,Outra Categoria,17,4
2021-09-25 12:58:40,Subway,1,2021,Introdução de alternativas de carne à base de plantas,Outra Categoria,12,5
2022-03-26 22:34:56,Subway,5,2022,,Outra Categoria,22,5
2021-09-21 00:15:13,Subway,5,2021,Introdução de alternativas de carne à base de plantas,Outra Categoria,0,1
2023-03-25 21:32:05,Subway,5,2023,,Outra Categoria,21,5
2023-05-31 18:12:11,Subway,4,2023,,Outra Categoria,18,2
2018-07-09 13:44:19,Subway,4,2018,,Outra Categoria,13,0
2022-06-10 08:40:25,Subway,3,2022,,Outra Categoria,8,4
2022-01-30 00:43:08,Subway,1,2022,,Outra Categoria,0,6
2023-09-07 03:07:05,Subway,1,2023,,Outra Categoria,3,3
2023-02-20 04:36:54,Subway,5,2023,,Outra Categoria,4,0
2023-07-03 16:37:53,Subway,1,2023,,Outra Categoria,16,0
2019-10-03 11:57:50,Subway,5,2019,"Encerramento de lojas nos EUA, ajustando estratégias",Outra Categoria,11,3
2022-12-30 15:32:53,Subway,3,2022,,Outra Categoria,15,4
2018-01-28 14:15:58,Subway,1,2018,,Outra Categoria,14,6
2021-07-01 22:52:33,Subway,1,2021,Introdução de alternativas de carne à base de plantas,Outra Categoria,22,3
2022-06-17 20:43:01,Subway,5,2022,,Outra Categoria,20,4
2023-02-17 02:01:47,Subway,5,2023,,Outra Categoria,2,4
2021-07-09 08:53:51,Subway,1,2021,Introdução de alternativas de carne à base de plantas,Outra Categoria,8,4
2022-05-23 01:53:22,Subway,5,2022,,Outra Categoria,1,0
2023-04-20 23:14:12,Subway,1,2023,,Outra Categoria,23,3
2023-02-17 04:40:37,Subway,5,2023,,Outra Categoria,4,4
2023-09-27 03:20:46,Subway,3,2023,,Outra Categoria,3,2
2023-05-08 00:46:32,Subway,1,2023,,Outra Categoria,0,0
2020-07-17 21:47:48,Subway,3,2020,Processo por um grupo de clientes alegando que os sanduíches continham menos atum do que o anunciado,Outra Categoria,21,4
2021-07-14 03:03:23,Subway,5,2021,Introdução de alternativas de carne à base de plantas,Outra Categoria,3,2
2022-03-03 21:55:46,Subway,5,2022,,Outra Categoria,21,3
2021-12-16 09:22:54,Subway,5,2021,Introdução de alternativas de carne à base de plantas,Outra Categoria,9,3
2023-09-23 20:57:45,Subway,5,2023,,Outra Categoria,20,5
2023-02-23 13:34:46,Subway,5,2023,,Outra Categoria,13,3
2022-10-23 01:01:57,Subway,5,2022,,Outra Categoria,1,6
2022-12-31 09:54:35,Subway,5,2022,,Outra Categoria,9,5
2022-06-19 16:25:48,Subway,5,2022,,Outra Categoria,16,6
2019-11-06 01:53:36,Subway,5,2019,"Encerramento de lojas nos EUA, ajustando estratégias",Outra Categoria,1,2
2020-12-28 20:09:07,Subway,5,2020,Processo por um grupo de clientes alegando que os sanduíches continham menos atum do que o anunciado,Outra Categoria,20,0
2023-09-23 00:06:35,Starbucks,5,2023,,Outra Categoria,0,5
2022-09-12 16:21:00,Starbucks,5,2022,,Outra Categoria,16,0
2023-05-21 16:48:48,Starbucks,1,2023,,Outra Categoria,16,6
2023-09-26 22:10:40,Starbucks,1,2023,,Outra Categoria,22,1
2023-03-28 15:52:49,Starbucks,4,2023,,Outra Categoria,15,1
2023-07-09 12:48:31,Starbucks,1,2023,,Outra Categoria,12,6
2022-11-01 21:33:18,Starbucks,1,2022,,Outra Categoria,21,1
2023-03-12 08:37:10,Starbucks,5,2023,,Outra Categoria,8,6
2023-04-17 13:23:10,Starbucks,5,2023,,Outra Categoria,13,0
2022-12-29 18:45:32,Starbucks,5,2022,,Outra Categoria,18,3
2022-04-04 12:42:30,Starbucks,1,2022,,Outra Categoria,12,0
2022-08-09 17:27:27,Starbucks,5,2022,,Outra Categoria,17,1
2023-05-17 18:12:38,Starbucks,5,2023,,Outra Categoria,18,2
2022-10-09 19:44:01,Starbucks,1,2022,,Outra Categoria,19,6
2023-05-06 13:04:56,Starbucks,1,2023,,Outra Categoria,13,5
2023-03-20 19:57:31,Starbucks,1,2023,,Outra Categoria,19,0
2022-04-13 11:50:45,Starbucks,5,2022,,Outra Categoria,11,2
2023-09-01 21:45:35,Starbucks,1,2023,,Outra Categoria,21,4
2023-03-29 00:40:48,Starbucks,5,2023,,Outra Categoria,0,2
2023-06-11 13:01:35,Starbucks,4,2023,,Outra Categoria,13,6
2022-08-10 18:52:26,Starbucks,1,2022,,Outra Categoria,18,2
2022-11-16 01:19:12,Starbucks,5,2022,,Outra Categoria,1,2
2023-01-08 15:39:02,Starbucks,1,2023,,Outra Categoria,15,6
2022-04-23 01:53:24,Starbucks,5,2022,,Outra Categoria,1,5
2022-10-25 00:19:34,Starbucks,5,2022,,Outra Categoria,0,1
2023-05-11 19:54:56,Starbucks,5,2023,,Outra Categoria,19,3
2022-08-09 20:30:42,Starbucks,5,2022,,Outra Categoria,20,1
2023-03-21 03:06:30,Starbucks,5,2023,,Outra Categoria,3,1
2023-02-20 17:30:35,Starbucks,4,2023,,Outra Categoria,17,0
2023-02-24 21:38:33,Starbucks,1,2023,,Outra Categoria,21,4
2021-09-11 20:35:04,Starbucks,5,2021,,Outra Categoria,20,5
2022-02-11 13:21:35,Starbucks,5,2022,,Outra Categoria,13,4
2023-03-22 22:23:09,Starbucks,1,2023,,Outra Categoria,22,2
2019-10-18 12:25:54,Starbucks,1,2019,"Foco em sustentabilidade, eliminando canudos de plástico",Outra Categoria,12,4
2022-03-14 11:58:07,Starbucks,5,2022,,Outra Categoria,11,0
2023-07-04 19:31:27,Starbucks,1,2023,,Outra Categoria,19,1
2022-12-15 14:38:58,Starbucks,3,2022,,Outra Categoria,14,3
2023-06-12 06:46:05,Starbucks,1,2023,,Outra Categoria,6,0
2022-05-18 13:28:59,Starbucks,5,2022,,Outra Categoria,13,2
2022-05-03 19:19:25,Starbucks,1,2022,,Outra Categoria,19,1
2023-03-30 22:24:04,Starbucks,5,2023,,Outra Categoria,22,3
2022-08-09 20:29:28,Starbucks,5,2022,,Outra Categoria,20,1
2022-06-03 12:56:33,Starbucks,5,2022,,Outra Categoria,12,4
2022-06-23 19:31:51,Starbucks,5,2022,,Outra Categoria,19,3
2022-12-02 14:59:18,Starbucks,3,2022,,Outra Categoria,14,4
2021-12-09 21:04:21,Starbucks,1,2021,,Outra Categoria,21,3
2022-01-10 21:17:47,Starbucks,5,2022,,Outra Categoria,21,0
2022-12-14 00:31:31,Starbucks,5,2022,,Outra Categoria,0,2
2021-07-06 09:57:49,Starbucks,5,2021,,Outra Categoria,9,1
2016-01-20 17:08:28,Starbucks,1,2016,Expansão do programa 'FoodShare' para doar alimentos não vendidos para bancos de alimentos locais nos EUA e no Canadá,Outra Categoria,17,2
2020-07-22 08:56:38,Starbucks,5,2020,"Fechamento temporário de cerca de metade de seus cafés nos EUA e no Canadá devido à pandemia COVID-19; Resposta à pandemia, com foco em pedidos móveis e drive-thru",Outra Categoria,8,2
2022-10-25 02:08:27,Starbucks,5,2022,,Outra Categoria,2,1
2022-08-10 15:31:16,Starbucks,1,2022,,Outra Categoria,15,2
2022-01-10 01:52:10,Starbucks,1,2022,,Outra Categoria,1,0
2022-11-17 19:08:36,Starbucks,1,2022,,Outra Categoria,19,3
2023-07-15 20:10:16,Starbucks,1,2023,,Outra Categoria,20,5
2022-11-02 20:18:08,Starbucks,1,2022,,Outra Categoria,20,2
2022-04-06 07:51:33,Starbucks,1,2022,,Outra Categoria,7,2
2022-08-12 10:15:34,Starbucks,5,2022,,Outra Categoria,10,4
2022-01-31 14:09:31,Starbucks,5,2022,,Outra Categoria,14,0
2023-07-20 13:28:53,Starbucks,5,2023,,Outra Categoria,13,3
2022-01-23 22:30:05,Starbucks,5,2022,,Outra Categoria,22,6
2022-11-17 12:34:22,Starbucks,1,2022,,Outra Categoria,12,3
2023-02-16 10:43:15,Starbucks,5,2023,,Outra Categoria,10,3
2023-01-11 18:30:58,Starbucks,5,2023,,Outra Categoria,18,2
2023-05-22 04:21:36,Starbucks,1,2023,,Outra Categoria,4,0
2022-11-13 17:06:06,Starbucks,5,2022,,Outra Categoria,17,6
2023-03-15 15:22:23,Starbucks,1,2023,,Outra Categoria,15,2
2022-08-14 19:20:57,Starbucks,1,2022,,Outra Categoria,19,6
2022-10-10 14:23:49,Starbucks,5,2022,,Outra Categoria,14,0
2022-10-25 15:44:17,Starbucks,1,2022,,Outra Categoria,15,1
2023-05-09 21:51:47,Starbucks,3,2023,,Outra Categoria,21,1
2023-07-11 01:25:41,Starbucks,3,2023,,Outra Categoria,1,1
2022-11-02 12:08:23,Starbucks,1,2022,,Outra Categoria,12,2
2023-07-14 22:28:15,Starbucks,1,2023,,Outra Categoria,22,4
2023-06-24 20:44:16,Starbucks,4,2023,,Outra Categoria,20,5
2023-04-16 01:07:58,Starbucks,1,2023,,Outra Categoria,1,6
2023-04-09 15:48:59,Starbucks,1,2023,,Outra Categoria,15,6
2022-08-16 12:28:48,Starbucks,5,2022,,Outra Categoria,12,1
2023-06-03 18:51:06,Starbucks,1,2023,,Outra Categoria,18,5
2023-09-20 18:56:24,Starbucks,1,2023,,Outra Categoria,18,2
2023-04-02 01:45:19,Starbucks,1,2023,,Outra Categoria,1,6
2022-08-10 18:51:34,Starbucks,1,2022,,Outra Categoria,18,2
2023-09-14 14:20:53,Starbucks,5,2023,,Outra Categoria,14,3
2022-09-01 00:13:22,Starbucks,5,2022,,Outra Categoria,0,3
2018-11-17 15:12:20,Starbucks,4,2018,,Outra Categoria,15,5
2021-12-14 18:49:57,Starbucks,5,2021,,Outra Categoria,18,1
2022-09-10 09:33:43,Starbucks,1,2022,,Outra Categoria,9,5
2020-11-18 19:01:23,Starbucks,1,2020,"Fechamento temporário de cerca de metade de seus cafés nos EUA e no Canadá devido à pandemia COVID-19; Resposta à pandemia, com foco em pedidos móveis e drive-thru",Outra Categoria,19,2
2023-05-23 22:10:36,Starbucks,1,2023,,Outra Categoria,22,1
2020-02-02 08:19:32,Starbucks,1,2020,"Fechamento temporário de cerca de metade de seus cafés nos EUA e no Canadá devido à pandemia COVID-19; Resposta à pandemia, com foco em pedidos móveis e drive-thru",Outra Categoria,8,6
2019-08-04 14:08:46,Starbucks,4,2019,"Foco em sustentabilidade, eliminando canudos de plástico",Outra Categoria,14,6
2023-03-29 13:04:20,Starbucks,1,2023,,Outra Categoria,13,2
2022-08-10 15:23:54,Starbucks,1,2022,,Outra Categoria,15,2
2023-09-13 14:55:28,Starbucks,5,2023,,Outra Categoria,14,2
2020-11-14 23:57:56,Starbucks,5,2020,"Fechamento temporário de cerca de metade de seus cafés nos EUA e no Canadá devido à pandemia COVID-19; Resposta à pandemia, com foco em pedidos móveis e drive-thru",Outra Categoria,23,5
2022-10-19 12:13:06,Starbucks,1,2022,,Outra Categoria,12,2
2022-05-23 16:49:02,Starbucks,4,2022,,Outra Categoria,16,0
2023-01-01 17:06:16,Starbucks,4,2023,,Outra Categoria,17,6
2021-05-30 07:43:49,Nestle,1,2021,,Outra Categoria,7,6
2021-04-28 19:48:26,Nestle,1,2021,,Outra Categoria,19,2
2023-08-02 17:35:00,Nestle,4,2023,,Outra Categoria,17,2
2023-08-13 07:42:12,Nestle,5,2023,,Outra Categoria,7,6
2021-05-01 12:10:03,Nestle,1,2021,,Outra Categoria,12,5
2020-06-01 04:00:58,Nestle,1,2020,"Venda da unidade de água engarrafada nos EUA para a One Rock Capital Partners por US $ 4,3 bilhões; Resposta à pandemia, destacando produtos essenciais",Outra Categoria,4,0
2023-05-17 11:00:18,Nestle,5,2023,,Outra Categoria,11,2
2023-03-03 22:12:54,Nestle,5,2023,,Outra Categoria,22,4
2022-09-24 21:21:03,Nestle,5,2022,,Outra Categoria,21,5
2020-10-28 12:16:26,Nestle,1,2020,"Venda da unidade de água engarrafada nos EUA para a One Rock Capital Partners por US $ 4,3 bilhões; Resposta à pandemia, destacando produtos essenciais",Outra Categoria,12,2
2021-12-27 17:30:26,Nestle,5,2021,,Outra Categoria,17,0
2021-11-02 07:03:51,Nestle,5,2021,,Outra Categoria,7,1
2023-03-12 14:31:47,Nestle,1,2023,,Outra Categoria,14,6
2022-03-17 17:47:36,Nestle,1,2022,,Outra Categoria,17,3
2023-09-07 21:44:04,Nestle,1,2023,,Outra Categoria,21,3
2021-09-28 15:03:27,Nestle,1,2021,,Outra Categoria,15,1
2023-03-15 08:46:50,Nestle,1,2023,,Outra Categoria,8,2
2021-01-12 10:01:05,Nestle,1,2021,,Outra Categoria,10,1
2021-09-23 14:03:29,Nestle,5,2021,,Outra Categoria,14,3
2022-03-17 17:38:50,Nestle,1,2022,,Outra Categoria,17,3
2020-12-23 06:52:00,Nestle,5,2020,"Venda da unidade de água engarrafada nos EUA para a One Rock Capital Partners por US $ 4,3 bilhões; Resposta à pandemia, destacando produtos essenciais",Outra Categoria,6,2
2019-07-15 18:28:20,Nestle,5,2019,Lançamento de um programa de reciclagem de plásticos de US 2 bilhões para reduzir o desperdício de plástico e aumentar o uso de materiais reciclados em suas embalagens,Outra Categoria,18,0
2023-01-30 17:03:05,Nestle,5,2023,,Outra Categoria,17,0
2020-07-10 00:58:20,Nestle,1,2020,"Venda da unidade de água engarrafada nos EUA para a One Rock Capital Partners por US $ 4,3 bilhões; Resposta à pandemia, destacando produtos essenciais",Outra Categoria,0,4
2021-07-08 12:57:52,Nestle,1,2021,,Outra Categoria,12,3
2022-10-22 15:33:42,Nestle,5,2022,,Outra Categoria,15,5
2021-05-06 17:00:27,Nestle,5,2021,,Outra Categoria,17,3
2022-12-05 13:28:30,Nestle,5,2022,,Outra Categoria,13,0
2021-11-03 08:06:13,Nestle,1,2021,,Outra Categoria,8,2
2021-05-09 19:20:51,Nestle,5,2021,,Outra Categoria,19,6
2021-06-10 10:09:05,Nestle,1,2021,,Outra Categoria,10,3
2021-08-06 11:47:03,Nestle,1,2021,,Outra Categoria,11,4
2021-11-02 14:00:17,Nestle,1,2021,,Outra Categoria,14,1
2022-11-18 07:15:06,Nestle,1,2022,,Outra Categoria,7,4
2020-07-31 07:32:28,Nestle,1,2020,"Venda da unidade de água engarrafada nos EUA para a One Rock Capital Partners por US $ 4,3 bilhões; Resposta à pandemia, destacando produtos essenciais",Outra Categoria,7,4
2020-12-18 12:11:07,Nestle,5,2020,"Venda da unidade de água engarrafada nos EUA para a One Rock Capital Partners por US $ 4,3 bilhões; Resposta à pandemia, destacando produtos essenciais",Outra Categoria,12,4
2023-01-01 11:39:01,Nestle,5,2023,,Outra Categoria,11,6
2022-06-25 01:18:51,Nestle,5,2022,,Outra Categoria,1,5
2020-11-03 02:09:13,Nestle,5,2020,"Venda da unidade de água engarrafada nos EUA para a One Rock Capital Partners por US $ 4,3 bilhões; Resposta à pandemia, destacando produtos essenciais",Outra Categoria,2,1
2022-01-22 14:53:19,Nestle,5,2022,,Outra Categoria,14,5
2021-02-05 12:37:52,Nestle,1,2021,,Outra Categoria,12,4
2021-10-02 12:17:15,Nestle,1,2021,,Outra Categoria,12,5
2023-06-10 15:32:03,Nestle,5,2023,,Outra Categoria,15,5
2020-03-23 23:12:20,Nestle,5,2020,"Venda da unidade de água engarrafada nos EUA para a One Rock Capital Partners por US $ 4,3 bilhões; Resposta à pandemia, destacando produtos essenciais",Outra Categoria,23,0
2022-11-16 11:46:12,Nestle,5,2022,,Outra Categoria,11,2
2023-03-07 12:13:18,Nestle,5,2023,,Outra Categoria,12,1
2021-10-31 15:31:38,Nestle,5,2021,,Outra Categoria,15,6
2019-07-15 22:54:53,Nestle,3,2019,Lançamento de um programa de reciclagem de plásticos de US 2 bilhões para reduzir o desperdício de plástico e aumentar o uso de materiais reciclados em suas embalagens,Outra Categoria,22,0
2021-08-01 23:53:38,Nestle,1,2021,,Outra Categoria,23,6
2019-07-14 00:32:59,Nestle,3,2019,Lançamento de um programa de reciclagem de plásticos de US 2 bilhões para reduzir o desperdício de plástico e aumentar o uso de materiais reciclados em suas embalagens,Outra Categoria,0,6
2019-07-16 12:25:13,Nestle,4,2019,Lançamento de um programa de reciclagem de plásticos de US 2 bilhões para reduzir o desperdício de plástico e aumentar o uso de materiais reciclados em suas embalagens,Outra Categoria,12,1
2019-07-16 00:45:08,Nestle,5,2019,Lançamento de um programa de reciclagem de plásticos de US 2 bilhões para reduzir o desperdício de plástico e aumentar o uso de materiais reciclados em suas embalagens,Outra Categoria,0,1
2022-12-15 22:23:53,Nestle,1,2022,,Outra Categoria,22,3
2021-05-01 12:11:38,Nestle,1,2021,,Outra Categoria,12,5
2022-07-13 23:34:32,Nestle,5,2022,,Outra Categoria,23,2
2023-09-15 20:19:07,Nestle,1,2023,,Outra Categoria,20,4
2021-10-19 05:03:32,Nestle,1,2021,,Outra Categoria,5,1
2022-12-12 14:46:33,Nestle,5,2022,,Outra Categoria,14,0
2021-08-29 10:37:17,Nestle,5,2021,,Outra Categoria,10,6
2022-08-23 11:33:07,Nestle,5,2022,,Outra Categoria,11,1
2019-12-03 10:44:45,Nestle,5,2019,Lançamento de um programa de reciclagem de plásticos de US 2 bilhões para reduzir o desperdício de plástico e aumentar o uso de materiais reciclados em suas embalagens,Outra Categoria,10,1
2020-08-18 03:36:51,Nestle,1,2020,"Venda da unidade de água engarrafada nos EUA para a One Rock Capital Partners por US $ 4,3 bilhões; Resposta à pandemia, destacando produtos essenciais",Outra Categoria,3,1
2022-03-20 18:16:15,Nestle,1,2022,,Outra Categoria,18,6
2020-08-06 02:38:38,Nestle,5,2020,"Venda da unidade de água engarrafada nos EUA para a One Rock Capital Partners por US $ 4,3 bilhões; Resposta à pandemia, destacando produtos essenciais",Outra Categoria,2,3
2022-08-04 07:28:02,Nestle,1,2022,,Outra Categoria,7,3
2020-08-13 08:25:58,Nestle,1,2020,"Venda da unidade de água engarrafada nos EUA para a One Rock Capital Partners por US $ 4,3 bilhões; Resposta à pandemia, destacando produtos essenciais",Outra Categoria,8,3
2021-01-01 14:34:45,Nestle,5,2021,,Outra Categoria,14,4
2019-07-15 10:48:29,Nestle,5,2019,Lançamento de um programa de reciclagem de plásticos de US 2 bilhões para reduzir o desperdício de plástico e aumentar o uso de materiais reciclados em suas embalagens,Outra Categoria,10,0
2023-03-17 18:18:10,Nestle,5,2023,,Outra Categoria,18,4
2021-03-06 08:28:17,Nestle,1,2021,,Outra Categoria,8,5
2021-12-15 20:23:02,Nestle,1,2021,,Outra Categoria,20,2
2023-03-13 23:15:21,Nestle,1,2023,,Outra Categoria,23,0
2021-08-11 19:32:38,Nestle,5,2021,,Outra Categoria,19,2
2020-07-07 13:58:28,Nestle,1,2020,"Venda da unidade de água engarrafada nos EUA para a One Rock Capital Partners por US $ 4,3 bilhões; Resposta à pandemia, destacando produtos essenciais",Outra Categoria,13,1
2019-07-17 08:47:53,Nestle,5,2019,Lançamento de um programa de reciclagem de plásticos de US 2 bilhões para reduzir o desperdício de plástico e aumentar o uso de materiais reciclados em suas embalagens,Outra Categoria,8,2
2018-09-04 16:02:03,Nestle,1,2018,"Aquisição da empresa de vitaminas e suplementos alimentares Atrium Innovations por US 2,3 bilhões; Venda do negócio de confeitos nos EUA para a Ferrero",Outra Categoria,16,1
2022-06-06 06:20:43,Nestle,1,2022,,Outra Categoria,6,0
2021-02-03 14:13:58,Nestle,5,2021,,Outra Categoria,14,2
2020-06-02 22:19:23,Nestle,1,2020,"Venda da unidade de água engarrafada nos EUA para a One Rock Capital Partners por US $ 4,3 bilhões; Resposta à pandemia, destacando produtos essenciais",Outra Categoria,22,1
2018-05-25 09:41:29,Nestle,5,2018,"Aquisição da empresa de vitaminas e suplementos alimentares Atrium Innovations por US 2,3 bilhões; Venda do negócio de confeitos nos EUA para a Ferrero",Outra Categoria,9,4
2022-01-28 12:55:35,Nestle,5,2022,,Outra Categoria,12,4
2021-05-14 09:35:56,Nestle,5,2021,,Outra Categoria,9,4
2023-04-15 15:19:52,Nestle,5,2023,,Outra Categoria,15,5
2022-04-07 20:57:20,Nestle,1,2022,,Outra Categoria,20,3
2018-09-01 05:08:26,Nestle,1,2018,"Aquisição da empresa de vitaminas e suplementos alimentares Atrium Innovations por US 2,3 bilhões; Venda do negócio de confeitos nos EUA para a Ferrero",Outra Categoria,5,5
2021-11-01 21:16:41,Nestle,5,2021,,Outra Categoria,21,0
2021-08-06 03:07:47,Nestle,1,2021,,Outra Categoria,3,4
2019-12-31 23:55:31,Nestle,1,2019,Lançamento de um programa de reciclagem de plásticos de US 2 bilhões para reduzir o desperdício de plástico e aumentar o uso de materiais reciclados em suas embalagens,Outra Categoria,23,1
2020-12-26 16:29:41,Nestle,1,2020,"Venda da unidade de água engarrafada nos EUA para a One Rock Capital Partners por US $ 4,3 bilhões; Resposta à pandemia, destacando produtos essenciais",Outra Categoria,16,5
2022-03-21 15:50:21,Nestle,1,2022,,Outra Categoria,15,0
2022-02-10 16:59:53,Nestle,5,2022,,Outra Categoria,16,3
2023-06-02 00:12:16,Nestle,5,2023,,Outra Categoria,0,4
2021-04-27 20:22:45,Nestle,1,2021,,Outra Categoria,20,1
2019-07-16 07:15:24,Nestle,5,2019,Lançamento de um programa de reciclagem de plásticos de US 2 bilhões para reduzir o desperdício de plástico e aumentar o uso de materiais reciclados em suas embalagens,Outra Categoria,7,1
2022-03-22 16:12:26,Nestle,1,2022,,Outra Categoria,16,1
2021-05-07 11:24:17,Nestle,1,2021,,Outra Categoria,11,4
2023-01-16 20:10:13,Nestle,5,2023,,Outra Categoria,20,0
2021-06-19 08:53:24,Nestle,5,2021,,Outra Categoria,8,5
2023-05-21 18:39:47,Nestle,5,2023,,Outra Categoria,18,6
2022-03-03 12:57:29,Nestle,5,2022,,Outra Categoria,12,3
2023-05-01 20:24:56,Dominos,4,2023,,Outra Categoria,20,0
2023-03-12 02:29:37,Dominos,1,2023,,Outra Categoria,2,6
2022-03-11 23:07:05,Dominos,4,2022,,Outra Categoria,23,4
2022-12-06 23:27:47,Dominos,1,2022,,Outra Categoria,23,1
2023-08-21 18:45:10,Dominos,1,2023,,Outra Categoria,18,0
2023-04-30 13:28:07,Dominos,5,2023,,Outra Categoria,13,6
2023-06-17 01:06:06,Dominos,5,2023,,Outra Categoria,1,5
2022-12-03 18:59:49,Dominos,5,2022,,Outra Categoria,18,5
2023-05-09 11:51:09,Dominos,5,2023,,Outra Categoria,11,1
2022-08-12 16:34:20,Dominos,5,2022,,Outra Categoria,16,4
2022-10-04 06:57:18,Dominos,5,2022,,Outra Categoria,6,1
2023-01-05 03:44:45,Dominos,5,2023,,Outra Categoria,3,3
2021-08-21 03:32:13,Dominos,5,2021,,Outra Categoria,3,5
2021-11-13 17:56:44,Dominos,5,2021,,Outra Categoria,17,5
2023-03-12 23:07:18,Dominos,5,2023,,Outra Categoria,23,6
2022-10-23 01:39:36,Dominos,1,2022,,Outra Categoria,1,6
2022-02-11 15:11:24,Dominos,5,2022,,Outra Categoria,15,4
2023-09-08 15:35:44,Dominos,5,2023,,Outra Categoria,15,4
2023-03-10 06:19:38,Dominos,5,2023,,Outra Categoria,6,4
2023-09-26 22:00:51,Dominos,5,2023,,Outra Categoria,22,1
2023-03-04 16:03:49,Dominos,4,2023,,Outra Categoria,16,5
2020-03-19 11:58:55,Dominos,5,2020,Ênfase em entrega sem contato durante a pandemia,Outra Categoria,11,3
2023-07-18 21:17:26,Dominos,2,2023,,Outra Categoria,21,1
2023-02-03 17:59:06,Dominos,5,2023,,Outra Categoria,17,4
2022-12-29 08:39:13,Dominos,5,2022,,Outra Categoria,8,3
2021-09-25 17:24:03,Dominos,5,2021,,Outra Categoria,17,5
2023-05-25 01:54:50,Dominos,5,2023,,Outra Categoria,1,3
2020-08-21 23:48:31,Dominos,5,2020,Ênfase em entrega sem contato durante a pandemia,Outra Categoria,23,4
2021-11-05 20:44:48,Dominos,5,2021,,Outra Categoria,20,4
2019-08-19 02:58:06,Dominos,4,2019,,Outra Categoria,2,0
2021-09-04 23:50:50,Dominos,1,2021,,Outra Categoria,23,5
2023-05-11 17:05:05,Dominos,1,2023,,Outra Categoria,17,3
2023-08-06 22:36:19,Dominos,1,2023,,Outra Categoria,22,6
2023-05-20 21:48:53,Dominos,1,2023,,Outra Categoria,21,5
2022-12-31 19:05:27,Dominos,2,2022,,Outra Categoria,19,5
2022-08-22 07:33:50,Dominos,5,2022,,Outra Categoria,7,0
2019-09-14 12:43:54,Dominos,5,2019,,Outra Categoria,12,5
2023-05-01 10:38:55,Dominos,1,2023,,Outra Categoria,10,0
2023-07-02 05:20:44,Dominos,5,2023,,Outra Categoria,5,6
2021-09-26 13:18:59,Dominos,4,2021,,Outra Categoria,13,6
2022-05-21 10:49:30,Dominos,5,2022,,Outra Categoria,10,5
2023-06-05 23:40:38,Dominos,4,2023,,Outra Categoria,23,0
2018-10-06 23:20:18,Dominos,1,2018,Expansão global e inovações tecnológicas,Outra Categoria,23,5
2022-02-14 03:10:05,Dominos,1,2022,,Outra Categoria,3,0
2020-10-25 17:55:49,Dominos,5,2020,Ênfase em entrega sem contato durante a pandemia,Outra Categoria,17,6
2023-01-29 18:05:30,Dominos,5,2023,,Outra Categoria,18,6
2021-08-23 06:00:48,Dominos,5,2021,,Outra Categoria,6,0
2022-11-29 08:23:18,Dominos,1,2022,,Outra Categoria,8,1
2020-05-22 02:03:43,Dominos,4,2020,Ênfase em entrega sem contato durante a pandemia,Outra Categoria,2,4
2022-04-03 17:28:59,Dominos,1,2022,,Outra Categoria,17,6
2019-01-07 13:10:01,Dominos,5,2019,,Outra Categoria,13,0
2023-01-21 06:23:19,Dominos,5,2023,,Outra Categoria,6,5
2023-05-05 11:02:18,Dominos,2,2023,,Outra Categoria,11,4
2023-07-31 21:16:50,Dominos,5,2023,,Outra Categoria,21,0
2022-08-14 12:50:27,Dominos,5,2022,,Outra Categoria,12,6
2017-07-05 21:22:01,Dominos,5,2017,,Outra Categoria,21,2
2023-01-01 09:07:03,Dominos,5,2023,,Outra Categoria,9,6
2020-02-26 10:17:57,Dominos,5,2020,Ênfase em entrega sem contato durante a pandemia,Outra Categoria,10,2
2021-02-09 14:44:19,Dominos,1,2021,,Outra Categoria,14,1
2023-01-18 15:07:02,Dominos,1,2023,,Outra Categoria,15,2
2022-11-24 08:23:40,Dominos,5,2022,,Outra Categoria,8,3
2022-01-15 19:07:00,Dominos,5,2022,,Outra Categoria,19,5
2023-09-27 19:38:17,Dominos,1,2023,,Outra Categoria,19,2
2022-01-12 12:04:16,Dominos,5,2022,,Outra Categoria,12,2
2022-09-16 10:19:49,Dominos,5,2022,,Outra Categoria,10,4
2021-04-26 11:26:42,Dominos,5,2021,,Outra Categoria,11,0
2020-01-22 09:51:09,Dominos,5,2020,Ênfase em entrega sem contato durante a pandemia,Outra Categoria,9,2
2020-01-12 06:08:09,Dominos,5,2020,Ênfase em entrega sem contato durante a pandemia,Outra Categoria,6,6
2019-01-27 00:55:45,Dominos,1,2019,,Outra Categoria,0,6
2021-11-12 12:04:55,Dominos,5,2021,,Outra Categoria,12,4
2021-05-30 00:39:43,Dominos,5,2021,,Outra Categoria,0,6
2023-07-24 21:25:00,Dominos,5,2023,,Outra Categoria,21,0
2019-01-28 13:06:10,Dominos,3,2019,,Outra Categoria,13,0
2023-03-22 15:18:24,Dominos,4,2023,,Outra Categoria,15,2
2021-07-11 00:19:47,Dominos,5,2021,,Outra Categoria,0,6
2022-04-19 22:38:23,Dominos,5,2022,,Outra Categoria,22,1
2023-09-22 11:00:52,Dominos,5,2023,,Outra Categoria,11,4
2020-01-25 00:39:23,Dominos,5,2020,Ênfase em entrega sem contato durante a pandemia,Outra Categoria,0,5
2022-11-14 03:09:22,Dominos,4,2022,,Outra Categoria,3,0
2019-06-03 15:43:11,Dominos,5,2019,,Outra Categoria,15,0
2023-09-23 15:10:24,Dominos,5,2023,,Outra Categoria,15,5
2022-07-06 21:17:15,Dominos,5,2022,,Outra Categoria,21,2
2017-07-18 23:25:22,Dominos,2,2017,,Outra Categoria,23,1
2023-08-15 00:58:03,Dominos,5,2023,,Outra Categoria,0,1
2022-05-31 09:47:26,Dominos,2,2022,,Outra Categoria,9,1
2023-03-30 03:04:33,Dominos,1,2023,,Outra Categoria,3,3
2022-10-03 21:36:24,Dominos,5,2022,,Outra Categoria,21,0
2021-02-05 14:37:56,Dominos,5,2021,,Outra Categoria,14,4
2022-02-11 15:26:18,Dominos,1,2022,,Outra Categoria,15,4
2020-04-01 10:31:03,Dominos,5,2020,Ênfase em entrega sem contato durante a pandemia,Outra Categoria,10,2
2023-04-17 16:00:43,Dominos,5,2023,,Outra Categoria,16,0
2017-08-06 16:10:15,Dominos,5,2017,,Outra Categoria,16,6
2021-10-19 12:10:38,Dominos,1,2021,,Outra Categoria,12,1
2023-08-22 20:01:47,Dominos,5,2023,,Outra Categoria,20,1
