company,sentiment,ano,dia_da_semana,mes,eventos,categoria
CocaCola,5,2023,Saturday,August,,
CocaCola,5,2023,Friday,May,,
CocaCola,5,2016,Saturday,November,Mudança na estratégia de marketing para produtos com menos açúcar e calorias,Marketing
CocaCola,1,2022,Tuesday,March,,
CocaCola,1,2023,Friday,July,,
CocaCola,5,2023,Tuesday,July,,
CocaCola,1,2021,Saturday,November,,
CocaCola,5,2018,Thursday,October,,
CocaCola,3,2023,Tuesday,September,,
CocaCola,4,2023,Thursday,August,,
CocaCola,5,2022,Monday,April,,
CocaCola,1,2018,Wednesday,November,,
CocaCola,5,2022,Friday,May,,
CocaCola,1,2020,Sunday,January,Descontinuação de marcas menos populares; Impacto da pandemia na indústria de bebidas,Acrescimo ou remoção de produto
CocaCola,1,2022,Tuesday,March,,
CocaCola,3,2021,Sunday,August,,
CocaCola,5,2019,Monday,March,,
CocaCola,5,2023,Monday,January,,
CocaCola,5,2022,Friday,October,,
CocaCola,5,2023,Tuesday,March,,
CocaCola,4,2019,Monday,July,,
CocaCola,4,2023,Saturday,February,,
CocaCola,1,2022,Thursday,July,,
CocaCola,3,2021,Saturday,December,,
CocaCola,5,2021,Tuesday,August,,
CocaCola,4,2020,Wednesday,September,Descontinuação de marcas menos populares; Impacto da pandemia na indústria de bebidas,Acrescimo ou remoção de produto
CocaCola,3,2023,Sunday,May,,
CocaCola,5,2020,Tuesday,June,Descontinuação de marcas menos populares; Impacto da pandemia na indústria de bebidas,Acrescimo ou remoção de produto
CocaCola,5,2023,Thursday,August,,
CocaCola,5,2020,Monday,December,Descontinuação de marcas menos populares; Impacto da pandemia na indústria de bebidas,Acrescimo ou remoção de produto
CocaCola,5,2023,Sunday,May,,
CocaCola,3,2023,Monday,June,,
CocaCola,4,2020,Friday,April,Descontinuação de marcas menos populares; Impacto da pandemia na indústria de bebidas,Acrescimo ou remoção de produto
CocaCola,5,2021,Tuesday,June,,
CocaCola,5,2021,Sunday,June,,
CocaCola,1,2021,Saturday,May,,
CocaCola,4,2022,Thursday,December,,
CocaCola,5,2022,Monday,January,,
CocaCola,5,2022,Friday,April,,
CocaCola,4,2023,Monday,May,,
CocaCola,5,2023,Wednesday,June,,
CocaCola,4,2021,Tuesday,June,,
CocaCola,1,2022,Monday,March,,
CocaCola,1,2022,Saturday,March,,
CocaCola,2,2023,Monday,September,,
CocaCola,5,2021,Thursday,August,,
CocaCola,3,2021,Monday,April,,
CocaCola,3,2022,Wednesday,September,,
CocaCola,3,2015,Thursday,April,Lançamento da campanha 'Taste the Feeling',Lançamento de campanha publicitária
CocaCola,5,2020,Monday,August,Descontinuação de marcas menos populares; Impacto da pandemia na indústria de bebidas,Acrescimo ou remoção de produto
CocaCola,4,2023,Friday,June,,
CocaCola,5,2021,Friday,February,,
CocaCola,5,2019,Wednesday,November,,
CocaCola,1,2018,Thursday,November,,
CocaCola,5,2023,Monday,April,,
CocaCola,1,2021,Saturday,November,,
CocaCola,1,2022,Saturday,October,,
CocaCola,5,2021,Sunday,December,,
CocaCola,1,2021,Wednesday,February,,
CocaCola,1,2022,Sunday,March,,
CocaCola,1,2023,Monday,April,,
CocaCola,5,2015,Sunday,December,Lançamento da campanha 'Taste the Feeling',Lançamento de campanha publicitária
CocaCola,5,2022,Tuesday,June,,
CocaCola,1,2019,Saturday,April,,
CocaCola,1,2022,Wednesday,February,,
CocaCola,5,2023,Monday,March,,
CocaCola,4,2020,Wednesday,October,Descontinuação de marcas menos populares; Impacto da pandemia na indústria de bebidas,Acrescimo ou remoção de produto
CocaCola,1,2023,Wednesday,March,,
CocaCola,5,2021,Tuesday,March,,
CocaCola,1,2022,Thursday,September,,
CocaCola,5,2019,Thursday,April,,
CocaCola,1,2022,Tuesday,March,,
CocaCola,1,2021,Saturday,February,,
CocaCola,5,2021,Tuesday,February,,
CocaCola,1,2020,Sunday,January,Descontinuação de marcas menos populares; Impacto da pandemia na indústria de bebidas,Acrescimo ou remoção de produto
CocaCola,1,2022,Wednesday,September,,
CocaCola,5,2021,Thursday,July,,
CocaCola,1,2022,Wednesday,July,,
CocaCola,3,2018,Tuesday,August,,
CocaCola,1,2022,Saturday,March,,
CocaCola,5,2022,Saturday,March,,
CocaCola,3,2022,Friday,March,,
CocaCola,5,2023,Tuesday,September,,
CocaCola,1,2019,Saturday,September,,
CocaCola,5,2023,Monday,January,,
CocaCola,1,2021,Tuesday,March,,
CocaCola,4,2023,Saturday,May,,
CocaCola,5,2020,Saturday,October,Descontinuação de marcas menos populares; Impacto da pandemia na indústria de bebidas,Acrescimo ou remoção de produto
CocaCola,1,2018,Wednesday,October,,
CocaCola,1,2020,Tuesday,December,Descontinuação de marcas menos populares; Impacto da pandemia na indústria de bebidas,Acrescimo ou remoção de produto
CocaCola,1,2023,Friday,February,,
CocaCola,5,2017,Thursday,December,,
CocaCola,2,2020,Saturday,August,Descontinuação de marcas menos populares; Impacto da pandemia na indústria de bebidas,Acrescimo ou remoção de produto
CocaCola,5,2019,Thursday,July,,
CocaCola,3,2022,Wednesday,June,,
CocaCola,4,2022,Wednesday,December,,
CocaCola,5,2022,Wednesday,May,,
Pepsi,1,2018,Wednesday,November,,
Pepsi,5,2023,Tuesday,February,,
Pepsi,4,2023,Sunday,June,,
Pepsi,5,2023,Sunday,July,,
Pepsi,1,2022,Sunday,May,,
Pepsi,5,2023,Thursday,August,,
Pepsi,1,2023,Tuesday,May,,
Pepsi,5,2020,Sunday,February,Mudança de nome e embalagem de Tia Jemima para Pearl Milling Company,Reposicionamento de marca
Pepsi,1,2023,Saturday,September,,
Pepsi,5,2023,Thursday,August,,
Pepsi,1,2023,Monday,February,,
Pepsi,1,2023,Saturday,February,,
Pepsi,4,2022,Friday,December,,
Pepsi,5,2023,Monday,February,,
Pepsi,5,2023,Friday,April,,
Pepsi,5,2023,Monday,May,,
Pepsi,5,2021,Saturday,November,,
Pepsi,3,2015,Thursday,April,Lançamento da campanha 'Live for Now',Lançamento de campanha publicitária
Pepsi,5,2023,Tuesday,September,,
Pepsi,5,2021,Monday,June,,
Pepsi,5,2020,Wednesday,January,Mudança de nome e embalagem de Tia Jemima para Pearl Milling Company,Reposicionamento de marca
Pepsi,5,2021,Monday,January,,
Pepsi,5,2019,Saturday,March,Lançamento de campanhas como 'Pepsi Generations',Lançamento de campanha publicitaria
Pepsi,5,2023,Monday,February,,
Pepsi,5,2021,Thursday,March,,
Pepsi,5,2019,Thursday,October,Lançamento de campanhas como 'Pepsi Generations',Lançamento de campanha publicitaria
Pepsi,4,2019,Friday,May,Lançamento de campanhas como 'Pepsi Generations',Lançamento de campanha publicitaria
Pepsi,5,2021,Tuesday,November,,
Pepsi,1,2022,Thursday,March,,
Pepsi,1,2023,Thursday,August,,
Pepsi,1,2023,Saturday,April,,
Pepsi,5,2022,Friday,December,,
Pepsi,5,2017,Saturday,May,Comercial polêmico com Kendall Jenner,Marketing
Pepsi,1,2023,Friday,January,,
Pepsi,5,2023,Saturday,February,,
Pepsi,5,2022,Friday,October,,
Pepsi,5,2022,Wednesday,August,,
Pepsi,5,2020,Monday,November,Mudança de nome e embalagem de Tia Jemima para Pearl Milling Company,Reposicionamento de marca
Pepsi,1,2023,Monday,July,,
Pepsi,5,2022,Friday,June,,
Pepsi,5,2023,Monday,January,,
Pepsi,1,2020,Thursday,October,Mudança de nome e embalagem de Tia Jemima para Pearl Milling Company,Reposicionamento de marca
Pepsi,5,2021,Thursday,June,,
Pepsi,1,2022,Tuesday,March,,
Pepsi,5,2023,Sunday,April,,
Pepsi,5,2022,Friday,December,,
Pepsi,3,2023,Wednesday,March,,
Pepsi,3,2023,Monday,June,,
Pepsi,5,2022,Thursday,September,,
Pepsi,5,2017,Thursday,April,Comercial polêmico com Kendall Jenner,Marketing
Pepsi,1,2018,Monday,December,,
Pepsi,5,2023,Saturday,June,,
Pepsi,5,2022,Saturday,February,,
Pepsi,5,2021,Wednesday,September,,
Pepsi,1,2019,Thursday,July,Lançamento de campanhas como 'Pepsi Generations',Lançamento de campanha publicitaria
Pepsi,5,2022,Sunday,February,,
Pepsi,1,2022,Friday,November,,
Pepsi,4,2020,Thursday,May,Mudança de nome e embalagem de Tia Jemima para Pearl Milling Company,Reposicionamento de marca
Pepsi,5,2019,Saturday,November,Lançamento de campanhas como 'Pepsi Generations',Lançamento de campanha publicitaria
Pepsi,5,2017,Friday,March,Comercial polêmico com Kendall Jenner,Marketing
Pepsi,3,2022,Friday,November,,
Pepsi,5,2020,Tuesday,June,Mudança de nome e embalagem de Tia Jemima para Pearl Milling Company,Reposicionamento de marca
Pepsi,5,2020,Thursday,March,Mudança de nome e embalagem de Tia Jemima para Pearl Milling Company,Reposicionamento de marca
Pepsi,1,2020,Wednesday,June,Mudança de nome e embalagem de Tia Jemima para Pearl Milling Company,Reposicionamento de marca
Pepsi,5,2015,Sunday,October,Lançamento da campanha 'Live for Now',Lançamento de campanha publicitária
Pepsi,5,2022,Friday,November,,
Pepsi,1,2022,Wednesday,September,,
Pepsi,5,2020,Thursday,June,Mudança de nome e embalagem de Tia Jemima para Pearl Milling Company,Reposicionamento de marca
Pepsi,5,2017,Monday,December,Comercial polêmico com Kendall Jenner,Marketing
Pepsi,3,2021,Saturday,February,,
Pepsi,1,2023,Thursday,January,,
Pepsi,1,2023,Tuesday,February,,
Pepsi,1,2020,Tuesday,April,Mudança de nome e embalagem de Tia Jemima para Pearl Milling Company,Reposicionamento de marca
Pepsi,5,2021,Friday,August,,
Pepsi,4,2019,Sunday,April,Lançamento de campanhas como 'Pepsi Generations',Lançamento de campanha publicitaria
Pepsi,5,2023,Monday,January,,
Pepsi,5,2020,Thursday,October,Mudança de nome e embalagem de Tia Jemima para Pearl Milling Company,Reposicionamento de marca
Pepsi,5,2018,Wednesday,July,,
Pepsi,5,2021,Monday,September,,
Pepsi,5,2017,Saturday,April,Comercial polêmico com Kendall Jenner,Marketing
Pepsi,1,2021,Sunday,April,,
Pepsi,5,2023,Monday,August,,
Pepsi,5,2018,Friday,August,,
Pepsi,1,2022,Sunday,March,,
Pepsi,3,2018,Thursday,May,,
Pepsi,5,2021,Sunday,April,,
Pepsi,5,2020,Thursday,June,Mudança de nome e embalagem de Tia Jemima para Pearl Milling Company,Reposicionamento de marca
Pepsi,1,2021,Sunday,July,,
Pepsi,4,2020,Wednesday,October,Mudança de nome e embalagem de Tia Jemima para Pearl Milling Company,Reposicionamento de marca
Pepsi,5,2022,Sunday,October,,
Pepsi,5,2018,Tuesday,September,,
Pepsi,5,2023,Tuesday,September,,
Pepsi,5,2020,Monday,March,Mudança de nome e embalagem de Tia Jemima para Pearl Milling Company,Reposicionamento de marca
Pepsi,5,2023,Saturday,January,,
McDonalds,1,2023,Wednesday,September,,
McDonalds,4,2023,Sunday,May,,
McDonalds,4,2023,Tuesday,September,,
McDonalds,1,2023,Saturday,June,,
McDonalds,1,2023,Monday,September,,
McDonalds,5,2021,Tuesday,June,,
McDonalds,4,2022,Wednesday,November,,
McDonalds,1,2022,Thursday,April,,
McDonalds,1,2023,Thursday,July,,
McDonalds,5,2022,Sunday,July,,
McDonalds,4,2023,Wednesday,August,,
McDonalds,1,2023,Thursday,September,,
McDonalds,3,2023,Friday,March,,
McDonalds,1,2023,Monday,July,,
McDonalds,5,2023,Friday,September,,
McDonalds,3,2023,Wednesday,August,,
McDonalds,5,2023,Saturday,September,,
McDonalds,1,2023,Friday,August,,
McDonalds,1,2021,Monday,November,,
McDonalds,1,2023,Sunday,August,,
McDonalds,4,2022,Thursday,February,,
McDonalds,5,2022,Sunday,September,,
McDonalds,1,2023,Sunday,September,,
McDonalds,1,2022,Sunday,March,,
McDonalds,3,2023,Wednesday,June,,
McDonalds,4,2023,Saturday,September,,
McDonalds,5,2020,Thursday,October,Fechamento temporário de restaurantes em todo o mundo devido à pandemia COVID-19,Pandemia
McDonalds,5,2023,Tuesday,May,,
McDonalds,5,2023,Saturday,April,,
McDonalds,5,2023,Monday,March,,
McDonalds,5,2022,Sunday,November,,
McDonalds,1,2023,Saturday,September,,
McDonalds,1,2023,Saturday,September,,
McDonalds,5,2023,Wednesday,March,,
McDonalds,1,2023,Sunday,March,,
McDonalds,5,2022,Saturday,December,,
McDonalds,5,2022,Tuesday,December,,
McDonalds,5,2023,Friday,April,,
McDonalds,5,2023,Friday,September,,
McDonalds,1,2023,Sunday,June,,
McDonalds,1,2023,Tuesday,January,,
McDonalds,1,2022,Saturday,December,,
McDonalds,5,2023,Saturday,March,,
McDonalds,3,2023,Tuesday,September,,
McDonalds,5,2022,Sunday,August,,
McDonalds,5,2023,Wednesday,January,,
McDonalds,1,2023,Monday,January,,
McDonalds,1,2023,Tuesday,June,,
McDonalds,4,2022,Thursday,November,,
McDonalds,3,2022,Friday,January,,
McDonalds,5,2022,Friday,December,,
McDonalds,1,2019,Sunday,September,,
McDonalds,5,2022,Saturday,December,,
McDonalds,1,2020,Thursday,June,Fechamento temporário de restaurantes em todo o mundo devido à pandemia COVID-19,Pandemia
McDonalds,1,2023,Wednesday,March,,
McDonalds,5,2022,Monday,June,,
McDonalds,5,2022,Wednesday,October,,
McDonalds,5,2023,Monday,February,,
McDonalds,5,2022,Saturday,December,,
McDonalds,4,2019,Wednesday,July,,
McDonalds,1,2021,Friday,October,,
McDonalds,5,2023,Monday,February,,
McDonalds,4,2022,Thursday,March,,
McDonalds,1,2021,Monday,July,,
McDonalds,5,2023,Monday,September,,
McDonalds,1,2022,Friday,July,,
McDonalds,3,2022,Tuesday,October,,
McDonalds,5,2023,Thursday,August,,
McDonalds,1,2022,Sunday,March,,
McDonalds,5,2022,Friday,October,,
McDonalds,5,2023,Saturday,March,,
McDonalds,5,2023,Wednesday,May,,
McDonalds,5,2016,Saturday,September,Lançamento do programa 'All Day Breakfast' nos EUA,Lançamento de campanha publicitaria
McDonalds,1,2022,Friday,December,,
McDonalds,5,2020,Saturday,May,Fechamento temporário de restaurantes em todo o mundo devido à pandemia COVID-19,Pandemia
McDonalds,4,2019,Sunday,November,,
McDonalds,5,2023,Sunday,September,,
McDonalds,1,2023,Saturday,June,,
McDonalds,5,2021,Thursday,June,,
McDonalds,1,2022,Friday,December,,
McDonalds,1,2022,Sunday,May,,
McDonalds,5,2023,Friday,September,,
McDonalds,5,2020,Saturday,December,Fechamento temporário de restaurantes em todo o mundo devido à pandemia COVID-19,Pandemia
McDonalds,5,2020,Sunday,February,Fechamento temporário de restaurantes em todo o mundo devido à pandemia COVID-19,Pandemia
McDonalds,5,2022,Sunday,February,,
McDonalds,5,2020,Thursday,October,Fechamento temporário de restaurantes em todo o mundo devido à pandemia COVID-19,Pandemia
McDonalds,1,2020,Friday,March,Fechamento temporário de restaurantes em todo o mundo devido à pandemia COVID-19,Pandemia
McDonalds,5,2022,Friday,September,,
McDonalds,1,2021,Friday,December,,
McDonalds,5,2021,Wednesday,October,,
McDonalds,5,2023,Sunday,August,,
McDonalds,1,2021,Thursday,March,,
McDonalds,1,2022,Saturday,January,,
McDonalds,1,2023,Sunday,April,,
McDonalds,5,2022,Wednesday,March,,
McDonalds,1,2020,Friday,June,Fechamento temporário de restaurantes em todo o mundo devido à pandemia COVID-19,Pandemia
BurgerKing,1,2022,Monday,December,,
BurgerKing,5,2023,Sunday,May,,
BurgerKing,4,2019,Saturday,August,Introdução do hambúrguer à base de plantas 'Impossible Whopper',Acrescimo ou remoção de produto
BurgerKing,5,2023,Friday,April,,
BurgerKing,5,2023,Monday,July,,
BurgerKing,5,2023,Monday,August,,
BurgerKing,5,2023,Tuesday,April,,
BurgerKing,1,2023,Tuesday,September,,
BurgerKing,1,2023,Wednesday,August,,
BurgerKing,5,2023,Monday,May,,
BurgerKing,5,2022,Sunday,January,,
BurgerKing,5,2023,Tuesday,July,,
BurgerKing,4,2019,Monday,August,Introdução do hambúrguer à base de plantas 'Impossible Whopper',Acrescimo ou remoção de produto
BurgerKing,4,2022,Tuesday,April,,
BurgerKing,1,2023,Saturday,February,,
BurgerKing,1,2023,Tuesday,August,,
BurgerKing,1,2023,Wednesday,September,,
BurgerKing,5,2023,Tuesday,May,,
BurgerKing,5,2022,Wednesday,March,,
BurgerKing,5,2021,Monday,May,,
BurgerKing,1,2020,Friday,August,Teste de um hambúrguer vegetariano à base de plantas em alguns mercados dos EUA; Estratégias de marketing durante a pandemia,Acrescimo ou remoção de produto
BurgerKing,5,2021,Saturday,August,,
BurgerKing,1,2022,Monday,January,,
BurgerKing,1,2023,Saturday,May,,
BurgerKing,1,2021,Sunday,November,,
BurgerKing,4,2020,Tuesday,October,Teste de um hambúrguer vegetariano à base de plantas em alguns mercados dos EUA; Estratégias de marketing durante a pandemia,Acrescimo ou remoção de produto
BurgerKing,5,2022,Monday,July,,
BurgerKing,5,2023,Tuesday,September,,
BurgerKing,1,2023,Saturday,July,,
BurgerKing,5,2023,Thursday,April,,
BurgerKing,5,2023,Friday,May,,
BurgerKing,5,2020,Thursday,December,Teste de um hambúrguer vegetariano à base de plantas em alguns mercados dos EUA; Estratégias de marketing durante a pandemia,Acrescimo ou remoção de produto
BurgerKing,5,2023,Saturday,March,,
BurgerKing,1,2023,Thursday,September,,
BurgerKing,4,2023,Thursday,June,,
BurgerKing,5,2019,Wednesday,June,Introdução do hambúrguer à base de plantas 'Impossible Whopper',Acrescimo ou remoção de produto
BurgerKing,5,2023,Saturday,April,,
BurgerKing,5,2020,Friday,July,Teste de um hambúrguer vegetariano à base de plantas em alguns mercados dos EUA; Estratégias de marketing durante a pandemia,Acrescimo ou remoção de produto
BurgerKing,5,2022,Tuesday,November,,
BurgerKing,5,2023,Monday,April,,
BurgerKing,1,2023,Monday,September,,
BurgerKing,5,2022,Wednesday,June,,
BurgerKing,5,2023,Wednesday,September,,
BurgerKing,5,2021,Saturday,September,,
BurgerKing,5,2022,Monday,December,,
BurgerKing,5,2020,Saturday,November,Teste de um hambúrguer vegetariano à base de plantas em alguns mercados dos EUA; Estratégias de marketing durante a pandemia,Acrescimo ou remoção de produto
BurgerKing,3,2021,Sunday,February,,
BurgerKing,5,2021,Thursday,February,,
BurgerKing,5,2022,Wednesday,September,,
BurgerKing,5,2023,Tuesday,August,,
BurgerKing,4,2023,Monday,April,,
BurgerKing,5,2023,Saturday,September,,
BurgerKing,5,2023,Tuesday,May,,
BurgerKing,5,2022,Sunday,September,,
BurgerKing,5,2023,Wednesday,August,,
BurgerKing,5,2022,Friday,December,,
BurgerKing,1,2018,Monday,August,,
BurgerKing,1,2021,Tuesday,June,,
BurgerKing,5,2023,Sunday,July,,
BurgerKing,5,2018,Sunday,October,,
BurgerKing,5,2021,Saturday,August,,
BurgerKing,5,2021,Tuesday,March,,
BurgerKing,5,2020,Friday,December,Teste de um hambúrguer vegetariano à base de plantas em alguns mercados dos EUA; Estratégias de marketing durante a pandemia,Acrescimo ou remoção de produto
BurgerKing,2,2020,Thursday,December,Teste de um hambúrguer vegetariano à base de plantas em alguns mercados dos EUA; Estratégias de marketing durante a pandemia,Acrescimo ou remoção de produto
BurgerKing,5,2020,Monday,January,Teste de um hambúrguer vegetariano à base de plantas em alguns mercados dos EUA; Estratégias de marketing durante a pandemia,Acrescimo ou remoção de produto
BurgerKing,5,2022,Wednesday,June,,
BurgerKing,5,2022,Sunday,March,,
BurgerKing,4,2023,Tuesday,April,,
BurgerKing,4,2017,Sunday,July,Lançamento da campanha 'Google Home of the Whopper',Lançamento de campanha publicitária
BurgerKing,5,2019,Tuesday,September,Introdução do hambúrguer à base de plantas 'Impossible Whopper',Acrescimo ou remoção de produto
BurgerKing,5,2019,Wednesday,August,Introdução do hambúrguer à base de plantas 'Impossible Whopper',Acrescimo ou remoção de produto
BurgerKing,3,2020,Tuesday,December,Teste de um hambúrguer vegetariano à base de plantas em alguns mercados dos EUA; Estratégias de marketing durante a pandemia,Acrescimo ou remoção de produto
BurgerKing,1,2021,Thursday,October,,
BurgerKing,5,2023,Thursday,July,,
BurgerKing,3,2023,Tuesday,August,,
BurgerKing,5,2021,Saturday,July,,
BurgerKing,1,2020,Saturday,November,Teste de um hambúrguer vegetariano à base de plantas em alguns mercados dos EUA; Estratégias de marketing durante a pandemia,Acrescimo ou remoção de produto
BurgerKing,1,2021,Monday,March,,
BurgerKing,1,2021,Sunday,April,,
BurgerKing,5,2022,Sunday,July,,
BurgerKing,5,2020,Thursday,December,Teste de um hambúrguer vegetariano à base de plantas em alguns mercados dos EUA; Estratégias de marketing durante a pandemia,Acrescimo ou remoção de produto
BurgerKing,1,2023,Friday,February,,
BurgerKing,5,2021,Thursday,May,,
BurgerKing,1,2023,Thursday,February,,
BurgerKing,5,2023,Friday,April,,
BurgerKing,5,2022,Saturday,November,,
BurgerKing,5,2019,Friday,February,Introdução do hambúrguer à base de plantas 'Impossible Whopper',Acrescimo ou remoção de produto
BurgerKing,1,2022,Tuesday,September,,
BurgerKing,1,2023,Wednesday,June,,
BurgerKing,5,2023,Sunday,June,,
BurgerKing,5,2022,Wednesday,September,,
BurgerKing,3,2018,Sunday,August,,
BurgerKing,5,2021,Tuesday,May,,
BurgerKing,1,2021,Friday,June,,
BurgerKing,5,2023,Saturday,July,,
BurgerKing,1,2022,Sunday,August,,
BurgerKing,5,2020,Saturday,July,Teste de um hambúrguer vegetariano à base de plantas em alguns mercados dos EUA; Estratégias de marketing durante a pandemia,Acrescimo ou remoção de produto
BurgerKing,5,2015,Wednesday,June,Lançamento do novo hambúrguer vegetariano 'Whopper Vegetariano' no Reino Unido,
KFC,5,2023,Sunday,August,,
KFC,1,2023,Wednesday,May,,
KFC,5,2022,Wednesday,June,,
KFC,1,2021,Friday,October,Introdução do frango frito à base de plantas,Acrescimo ou remoção de produto
KFC,4,2023,Saturday,August,,
KFC,5,2022,Thursday,May,,
KFC,5,2023,Saturday,August,,
KFC,3,2023,Sunday,July,,
KFC,1,2023,Monday,August,,
KFC,5,2022,Monday,September,,
KFC,5,2023,Tuesday,August,,
KFC,5,2022,Friday,September,,
KFC,5,2021,Tuesday,March,Introdução do frango frito à base de plantas,Acrescimo ou remoção de produto
KFC,1,2023,Wednesday,July,,
KFC,5,2021,Wednesday,February,Introdução do frango frito à base de plantas,Acrescimo ou remoção de produto
KFC,4,2022,Monday,November,,
KFC,5,2023,Sunday,August,,
KFC,5,2021,Wednesday,May,Introdução do frango frito à base de plantas,Acrescimo ou remoção de produto
KFC,4,2020,Sunday,June,Suspensão temporária do slogan 'Finger Lickin' Good' devido à pandemia COVID-19,Marketing
KFC,3,2023,Monday,January,,
KFC,5,2021,Friday,May,Introdução do frango frito à base de plantas,Acrescimo ou remoção de produto
KFC,5,2023,Tuesday,June,,
KFC,1,2021,Tuesday,December,Introdução do frango frito à base de plantas,Acrescimo ou remoção de produto
KFC,1,2023,Monday,August,,
KFC,5,2021,Thursday,April,Introdução do frango frito à base de plantas,Acrescimo ou remoção de produto
KFC,5,2022,Monday,February,,
KFC,1,2017,Tuesday,November,Problemas de fornecimento de frango no Reino Unido,Acrescimo ou remoção de produto
KFC,5,2021,Sunday,October,Introdução do frango frito à base de plantas,Acrescimo ou remoção de produto
KFC,1,2021,Monday,February,Introdução do frango frito à base de plantas,Acrescimo ou remoção de produto
KFC,4,2023,Wednesday,June,,
KFC,1,2022,Monday,December,,
KFC,1,2021,Thursday,November,Introdução do frango frito à base de plantas,Acrescimo ou remoção de produto
KFC,5,2021,Friday,November,Introdução do frango frito à base de plantas,Acrescimo ou remoção de produto
KFC,5,2020,Wednesday,September,Suspensão temporária do slogan 'Finger Lickin' Good' devido à pandemia COVID-19,Marketing
KFC,3,2023,Wednesday,April,,
KFC,4,2023,Friday,September,,
KFC,4,2022,Monday,September,,
KFC,5,2020,Friday,October,Suspensão temporária do slogan 'Finger Lickin' Good' devido à pandemia COVID-19,Marketing
KFC,5,2022,Wednesday,December,,
KFC,4,2020,Sunday,May,Suspensão temporária do slogan 'Finger Lickin' Good' devido à pandemia COVID-19,Marketing
KFC,5,2022,Friday,December,,
KFC,5,2021,Tuesday,June,Introdução do frango frito à base de plantas,Acrescimo ou remoção de produto
KFC,5,2023,Saturday,May,,
KFC,5,2018,Friday,June,,
KFC,5,2020,Monday,April,Suspensão temporária do slogan 'Finger Lickin' Good' devido à pandemia COVID-19,Marketing
KFC,5,2023,Sunday,August,,
KFC,3,2021,Saturday,June,Introdução do frango frito à base de plantas,Acrescimo ou remoção de produto
KFC,5,2023,Friday,August,,
KFC,5,2019,Saturday,June,,
KFC,5,2022,Thursday,February,,
KFC,4,2023,Wednesday,September,,
KFC,2,2023,Sunday,September,,
KFC,5,2023,Friday,August,,
KFC,3,2023,Thursday,September,,
KFC,5,2021,Monday,December,Introdução do frango frito à base de plantas,Acrescimo ou remoção de produto
KFC,5,2022,Monday,December,,
KFC,1,2023,Friday,May,,
KFC,4,2020,Tuesday,May,Suspensão temporária do slogan 'Finger Lickin' Good' devido à pandemia COVID-19,Marketing
KFC,5,2023,Sunday,April,,
KFC,5,2022,Thursday,January,,
KFC,5,2023,Monday,February,,
KFC,5,2018,Friday,November,,
KFC,5,2021,Monday,June,Introdução do frango frito à base de plantas,Acrescimo ou remoção de produto
KFC,1,2021,Sunday,May,Introdução do frango frito à base de plantas,Acrescimo ou remoção de produto
KFC,3,2023,Monday,May,,
KFC,5,2021,Monday,April,Introdução do frango frito à base de plantas,Acrescimo ou remoção de produto
KFC,5,2015,Tuesday,May,Retorno do Coronel Sanders como mascote,Marketing
KFC,5,2021,Sunday,November,Introdução do frango frito à base de plantas,Acrescimo ou remoção de produto
KFC,3,2023,Thursday,May,,
KFC,5,2022,Tuesday,April,,
KFC,5,2022,Saturday,February,,
KFC,5,2022,Thursday,August,,
KFC,5,2021,Thursday,June,Introdução do frango frito à base de plantas,Acrescimo ou remoção de produto
KFC,5,2021,Monday,December,Introdução do frango frito à base de plantas,Acrescimo ou remoção de produto
KFC,5,2023,Tuesday,May,,
KFC,5,2022,Wednesday,June,,
KFC,4,2022,Saturday,December,,
KFC,5,2019,Friday,November,,
KFC,5,2023,Wednesday,May,,
KFC,5,2021,Wednesday,September,Introdução do frango frito à base de plantas,Acrescimo ou remoção de produto
KFC,4,2020,Friday,July,Suspensão temporária do slogan 'Finger Lickin' Good' devido à pandemia COVID-19,Marketing
KFC,1,2023,Thursday,September,,
KFC,3,2019,Friday,November,,
KFC,3,2020,Friday,August,Suspensão temporária do slogan 'Finger Lickin' Good' devido à pandemia COVID-19,Marketing
KFC,1,2021,Tuesday,August,Introdução do frango frito à base de plantas,Acrescimo ou remoção de produto
KFC,5,2019,Friday,March,,
KFC,5,2018,Wednesday,July,,
KFC,1,2021,Monday,November,Introdução do frango frito à base de plantas,Acrescimo ou remoção de produto
KFC,1,2022,Sunday,April,,
KFC,5,2022,Tuesday,January,,
KFC,4,2017,Sunday,December,Problemas de fornecimento de frango no Reino Unido,Acrescimo ou remoção de produto
KFC,5,2019,Friday,May,,
KFC,4,2022,Tuesday,January,,
KFC,5,2021,Saturday,March,Introdução do frango frito à base de plantas,Acrescimo ou remoção de produto
KFC,5,2023,Friday,April,,
KFC,5,2023,Friday,March,,
KFC,4,2023,Thursday,March,,
PizzaHut,1,2020,Monday,March,"Fechamento permanente de cerca de 300 restaurantes nos EUA; Resposta à pandemia, com ênfase nas opções de entrega",Acrescimo ou remoção de produto
PizzaHut,5,2023,Tuesday,April,,
PizzaHut,5,2021,Thursday,October,,
PizzaHut,5,2023,Wednesday,March,,
PizzaHut,5,2023,Monday,February,,
PizzaHut,5,2022,Tuesday,January,,
PizzaHut,1,2022,Thursday,June,,
PizzaHut,3,2023,Wednesday,February,,
PizzaHut,5,2022,Monday,November,,
PizzaHut,4,2023,Monday,June,,
PizzaHut,5,2022,Thursday,July,,
PizzaHut,1,2023,Saturday,April,,
PizzaHut,5,2023,Wednesday,April,,
PizzaHut,1,2020,Thursday,October,"Fechamento permanente de cerca de 300 restaurantes nos EUA; Resposta à pandemia, com ênfase nas opções de entrega",Acrescimo ou remoção de produto
PizzaHut,5,2020,Saturday,February,"Fechamento permanente de cerca de 300 restaurantes nos EUA; Resposta à pandemia, com ênfase nas opções de entrega",Acrescimo ou remoção de produto
PizzaHut,5,2022,Wednesday,August,,
PizzaHut,5,2023,Tuesday,January,,
PizzaHut,5,2022,Saturday,June,,
PizzaHut,4,2023,Thursday,March,,
PizzaHut,5,2021,Sunday,October,,
PizzaHut,2,2023,Sunday,September,,
PizzaHut,5,2023,Tuesday,September,,
PizzaHut,5,2018,Wednesday,February,"Foco em tecnologia, incluindo pedidos online",Marketing
PizzaHut,1,2022,Sunday,June,,
PizzaHut,5,2023,Friday,March,,
PizzaHut,5,2022,Monday,June,,
PizzaHut,5,2021,Wednesday,February,,
PizzaHut,1,2015,Sunday,January,Lançamento da campanha 'Flavor of Now',Lançamento de campanha publicitária
PizzaHut,5,2023,Wednesday,August,,
PizzaHut,1,2021,Monday,March,,
PizzaHut,5,2022,Thursday,May,,
PizzaHut,1,2022,Friday,February,,
PizzaHut,5,2022,Thursday,October,,
PizzaHut,5,2023,Monday,February,,
PizzaHut,1,2016,Thursday,September,Remoção de conservantes artificiais e sabores artificiais dos ingredientes até o final de julho daquele ano,Mudança de receita
PizzaHut,5,2023,Friday,September,,
PizzaHut,5,2022,Monday,August,,
PizzaHut,5,2022,Sunday,June,,
PizzaHut,1,2022,Monday,September,,
PizzaHut,1,2016,Sunday,February,Remoção de conservantes artificiais e sabores artificiais dos ingredientes até o final de julho daquele ano,Mudança de receita
PizzaHut,5,2021,Saturday,October,,
PizzaHut,1,2023,Friday,April,,
PizzaHut,5,2023,Sunday,February,,
PizzaHut,4,2022,Tuesday,July,,
PizzaHut,5,2022,Friday,January,,
PizzaHut,3,2020,Wednesday,January,"Fechamento permanente de cerca de 300 restaurantes nos EUA; Resposta à pandemia, com ênfase nas opções de entrega",Acrescimo ou remoção de produto
PizzaHut,5,2023,Wednesday,January,,
PizzaHut,4,2022,Friday,August,,
PizzaHut,5,2022,Saturday,July,,
PizzaHut,5,2021,Friday,April,,
PizzaHut,5,2018,Wednesday,August,"Foco em tecnologia, incluindo pedidos online",Marketing
PizzaHut,5,2020,Thursday,February,"Fechamento permanente de cerca de 300 restaurantes nos EUA; Resposta à pandemia, com ênfase nas opções de entrega",Acrescimo ou remoção de produto
PizzaHut,5,2023,Thursday,May,,
PizzaHut,3,2023,Friday,June,,
PizzaHut,1,2021,Monday,March,,
PizzaHut,5,2020,Saturday,November,"Fechamento permanente de cerca de 300 restaurantes nos EUA; Resposta à pandemia, com ênfase nas opções de entrega",Acrescimo ou remoção de produto
PizzaHut,2,2022,Monday,October,,
PizzaHut,1,2022,Friday,February,,
PizzaHut,1,2020,Monday,January,"Fechamento permanente de cerca de 300 restaurantes nos EUA; Resposta à pandemia, com ênfase nas opções de entrega",Acrescimo ou remoção de produto
PizzaHut,5,2020,Monday,January,"Fechamento permanente de cerca de 300 restaurantes nos EUA; Resposta à pandemia, com ênfase nas opções de entrega",Acrescimo ou remoção de produto
PizzaHut,4,2022,Thursday,August,,
PizzaHut,5,2023,Thursday,January,,
PizzaHut,5,2017,Wednesday,February,,
PizzaHut,4,2022,Friday,April,,
PizzaHut,1,2015,Sunday,May,Lançamento da campanha 'Flavor of Now',Lançamento de campanha publicitária
PizzaHut,5,2020,Thursday,February,"Fechamento permanente de cerca de 300 restaurantes nos EUA; Resposta à pandemia, com ênfase nas opções de entrega",Acrescimo ou remoção de produto
PizzaHut,3,2022,Tuesday,February,,
PizzaHut,5,2020,Tuesday,December,"Fechamento permanente de cerca de 300 restaurantes nos EUA; Resposta à pandemia, com ênfase nas opções de entrega",Acrescimo ou remoção de produto
PizzaHut,5,2020,Tuesday,December,"Fechamento permanente de cerca de 300 restaurantes nos EUA; Resposta à pandemia, com ênfase nas opções de entrega",Acrescimo ou remoção de produto
PizzaHut,4,2015,Thursday,February,Lançamento da campanha 'Flavor of Now',Lançamento de campanha publicitária
PizzaHut,1,2022,Sunday,November,,
PizzaHut,1,2022,Wednesday,September,,
PizzaHut,5,2021,Wednesday,May,,
PizzaHut,5,2023,Monday,September,,
PizzaHut,5,2023,Friday,May,,
PizzaHut,5,2020,Friday,February,"Fechamento permanente de cerca de 300 restaurantes nos EUA; Resposta à pandemia, com ênfase nas opções de entrega",Acrescimo ou remoção de produto
PizzaHut,1,2017,Monday,September,,
PizzaHut,5,2017,Tuesday,May,,
PizzaHut,5,2022,Wednesday,October,,
PizzaHut,1,2018,Friday,January,"Foco em tecnologia, incluindo pedidos online",Marketing
PizzaHut,1,2017,Wednesday,April,,
PizzaHut,5,2020,Monday,February,"Fechamento permanente de cerca de 300 restaurantes nos EUA; Resposta à pandemia, com ênfase nas opções de entrega",Acrescimo ou remoção de produto
PizzaHut,5,2021,Sunday,July,,
PizzaHut,5,2023,Monday,July,,
PizzaHut,1,2023,Friday,March,,
PizzaHut,1,2023,Friday,August,,
PizzaHut,1,2022,Saturday,May,,
PizzaHut,1,2021,Tuesday,November,,
PizzaHut,5,2021,Friday,June,,
PizzaHut,5,2020,Wednesday,December,"Fechamento permanente de cerca de 300 restaurantes nos EUA; Resposta à pandemia, com ênfase nas opções de entrega",Acrescimo ou remoção de produto
PizzaHut,1,2020,Wednesday,July,"Fechamento permanente de cerca de 300 restaurantes nos EUA; Resposta à pandemia, com ênfase nas opções de entrega",Acrescimo ou remoção de produto
PizzaHut,5,2019,Saturday,December,,
PizzaHut,5,2020,Sunday,November,"Fechamento permanente de cerca de 300 restaurantes nos EUA; Resposta à pandemia, com ênfase nas opções de entrega",Acrescimo ou remoção de produto
PizzaHut,5,2023,Wednesday,September,,
PizzaHut,5,2019,Friday,November,,
Subway,3,2021,Monday,March,Introdução de alternativas de carne à base de plantas,Acrescimo ou remoção de produto
Subway,3,2023,Saturday,September,,
Subway,5,2023,Sunday,April,,
Subway,4,2021,Wednesday,April,Introdução de alternativas de carne à base de plantas,Acrescimo ou remoção de produto
Subway,5,2023,Friday,June,,
Subway,5,2023,Sunday,January,,
Subway,5,2023,Wednesday,April,,
Subway,5,2023,Monday,June,,
Subway,5,2023,Tuesday,June,,
Subway,5,2023,Monday,February,,
Subway,1,2023,Sunday,July,,
Subway,4,2022,Tuesday,March,,
Subway,1,2023,Saturday,September,,
Subway,5,2022,Saturday,March,,
Subway,5,2023,Tuesday,May,,
Subway,1,2023,Monday,September,,
Subway,1,2023,Saturday,September,,
Subway,5,2023,Wednesday,May,,
Subway,4,2023,Thursday,June,,
Subway,1,2023,Sunday,March,,
Subway,4,2022,Tuesday,April,,
Subway,1,2023,Monday,July,,
Subway,5,2022,Wednesday,July,,
Subway,1,2023,Friday,September,,
Subway,5,2023,Saturday,September,,
Subway,5,2022,Wednesday,September,,
Subway,5,2022,Sunday,October,,
Subway,5,2023,Monday,March,,
Subway,1,2023,Tuesday,June,,
Subway,1,2023,Thursday,July,,
Subway,4,2023,Saturday,January,,
Subway,1,2023,Sunday,January,,
Subway,4,2022,Saturday,November,,
Subway,5,2023,Sunday,June,,
Subway,5,2021,Saturday,March,Introdução de alternativas de carne à base de plantas,Acrescimo ou remoção de produto
Subway,5,2022,Wednesday,October,,
Subway,1,2016,Tuesday,June,Mudança para carne sem antibióticos nos restaurantes dos EUA até o final daquele ano; Mudança para ingredientes naturais e orgânicos,Mudança de receita
Subway,5,2022,Saturday,December,,
Subway,5,2023,Friday,September,,
Subway,1,2023,Tuesday,February,,
Subway,5,2022,Sunday,June,,
Subway,5,2018,Wednesday,September,,
Subway,1,2023,Tuesday,January,,
Subway,3,2023,Tuesday,August,,
Subway,5,2020,Tuesday,October,Processo por um grupo de clientes alegando que os sanduíches continham menos atum do que o anunciado,Acrescimo ou remoção de produto
Subway,5,2023,Sunday,January,,
Subway,5,2015,Monday,August,Remoção do ingrediente químico controverso azodicarbonamida do pão após uma petição online,Mudança de receita
Subway,5,2023,Sunday,July,,
Subway,1,2022,Wednesday,November,,
Subway,5,2022,Monday,June,,
Subway,5,2023,Wednesday,September,,
Subway,5,2022,Wednesday,June,,
Subway,1,2020,Saturday,December,Processo por um grupo de clientes alegando que os sanduíches continham menos atum do que o anunciado,Acrescimo ou remoção de produto
Subway,5,2022,Friday,November,,
Subway,5,2022,Sunday,October,,
Subway,5,2021,Saturday,March,Introdução de alternativas de carne à base de plantas,Acrescimo ou remoção de produto
Subway,5,2022,Sunday,June,,
Subway,1,2023,Thursday,September,,
Subway,1,2022,Sunday,January,,
Subway,1,2022,Friday,December,,
Subway,5,2023,Friday,September,,
Subway,1,2021,Saturday,September,Introdução de alternativas de carne à base de plantas,Acrescimo ou remoção de produto
Subway,5,2022,Saturday,March,,
Subway,4,2023,Wednesday,May,,
Subway,5,2021,Tuesday,September,Introdução de alternativas de carne à base de plantas,Acrescimo ou remoção de produto
Subway,4,2018,Monday,July,,
Subway,5,2023,Saturday,March,,
Subway,1,2022,Sunday,January,,
Subway,3,2022,Friday,June,,
Subway,5,2019,Thursday,October,"Encerramento de lojas nos EUA, ajustando estratégias",Acrescimo ou remoção de produto
Subway,1,2023,Thursday,September,,
Subway,1,2023,Monday,July,,
Subway,5,2023,Monday,February,,
Subway,1,2018,Sunday,January,,
Subway,1,2021,Thursday,July,Introdução de alternativas de carne à base de plantas,Acrescimo ou remoção de produto
Subway,3,2022,Friday,December,,
Subway,5,2022,Friday,June,,
Subway,5,2023,Friday,February,,
Subway,5,2022,Monday,May,,
Subway,1,2021,Friday,July,Introdução de alternativas de carne à base de plantas,Acrescimo ou remoção de produto
Subway,1,2023,Thursday,April,,
Subway,5,2023,Friday,February,,
Subway,3,2020,Friday,July,Processo por um grupo de clientes alegando que os sanduíches continham menos atum do que o anunciado,Acrescimo ou remoção de produto
Subway,5,2022,Thursday,March,,
Subway,5,2021,Wednesday,July,Introdução de alternativas de carne à base de plantas,Acrescimo ou remoção de produto
Subway,3,2023,Wednesday,September,,
Subway,5,2021,Thursday,December,Introdução de alternativas de carne à base de plantas,Acrescimo ou remoção de produto
Subway,1,2023,Monday,May,,
Subway,5,2023,Saturday,September,,
Subway,5,2023,Thursday,February,,
Subway,5,2022,Sunday,June,,
Subway,5,2022,Sunday,October,,
Subway,5,2022,Saturday,December,,
Subway,5,2019,Wednesday,November,"Encerramento de lojas nos EUA, ajustando estratégias",Acrescimo ou remoção de produto
Subway,5,2020,Monday,December,Processo por um grupo de clientes alegando que os sanduíches continham menos atum do que o anunciado,Acrescimo ou remoção de produto
Starbucks,5,2023,Saturday,September,,
Starbucks,5,2022,Monday,September,,
Starbucks,1,2023,Sunday,May,,
Starbucks,1,2023,Tuesday,September,,
Starbucks,4,2023,Tuesday,March,,
Starbucks,1,2023,Sunday,July,,
Starbucks,1,2022,Tuesday,November,,
Starbucks,5,2023,Sunday,March,,
Starbucks,5,2023,Monday,April,,
Starbucks,1,2022,Monday,April,,
Starbucks,5,2022,Tuesday,August,,
Starbucks,5,2022,Thursday,December,,
Starbucks,5,2023,Wednesday,May,,
Starbucks,1,2022,Sunday,October,,
Starbucks,1,2023,Saturday,May,,
Starbucks,1,2023,Monday,March,,
Starbucks,1,2023,Friday,September,,
Starbucks,5,2022,Wednesday,April,,
Starbucks,5,2023,Wednesday,March,,
Starbucks,4,2023,Sunday,June,,
Starbucks,1,2023,Sunday,January,,
Starbucks,1,2022,Wednesday,August,,
Starbucks,5,2022,Wednesday,November,,
Starbucks,5,2022,Saturday,April,,
Starbucks,5,2022,Tuesday,October,,
Starbucks,5,2023,Thursday,May,,
Starbucks,5,2022,Tuesday,August,,
Starbucks,5,2023,Tuesday,March,,
Starbucks,4,2023,Monday,February,,
Starbucks,5,2021,Saturday,September,,
Starbucks,5,2022,Friday,February,,
Starbucks,1,2023,Friday,February,,
Starbucks,1,2023,Wednesday,March,,
Starbucks,1,2019,Friday,October,"Foco em sustentabilidade, eliminando canudos de plástico",Sustentabilidade
Starbucks,5,2022,Monday,March,,
Starbucks,1,2023,Tuesday,July,,
Starbucks,3,2022,Thursday,December,,
Starbucks,1,2023,Monday,June,,
Starbucks,5,2022,Wednesday,May,,
Starbucks,1,2022,Tuesday,May,,
Starbucks,5,2023,Thursday,March,,
Starbucks,5,2022,Tuesday,August,,
Starbucks,5,2022,Friday,June,,
Starbucks,3,2022,Friday,December,,
Starbucks,5,2022,Thursday,June,,
Starbucks,1,2021,Thursday,December,,
Starbucks,5,2022,Wednesday,December,,
Starbucks,5,2022,Monday,January,,
Starbucks,5,2021,Tuesday,July,,
Starbucks,1,2016,Wednesday,January,Expansão do programa 'FoodShare' para doar alimentos não vendidos para bancos de alimentos locais nos EUA e no Canadá,
Starbucks,5,2020,Wednesday,July,"Fechamento temporário de cerca de metade de seus cafés nos EUA e no Canadá devido à pandemia COVID-19; Resposta à pandemia, com foco em pedidos móveis e drive-thru",Acrescimo ou remoção de produto
Starbucks,5,2022,Tuesday,October,,
Starbucks,1,2022,Wednesday,August,,
Starbucks,1,2022,Monday,January,,
Starbucks,1,2022,Wednesday,November,,
Starbucks,1,2022,Thursday,November,,
Starbucks,1,2023,Saturday,July,,
Starbucks,1,2022,Wednesday,April,,
Starbucks,5,2022,Monday,January,,
Starbucks,5,2022,Friday,August,,
Starbucks,5,2023,Thursday,July,,
Starbucks,5,2022,Sunday,January,,
Starbucks,1,2022,Thursday,November,,
Starbucks,5,2023,Wednesday,January,,
Starbucks,5,2023,Thursday,February,,
Starbucks,1,2023,Monday,May,,
Starbucks,5,2022,Sunday,November,,
Starbucks,1,2022,Sunday,August,,
Starbucks,1,2023,Wednesday,March,,
Starbucks,5,2022,Monday,October,,
Starbucks,1,2022,Tuesday,October,,
Starbucks,3,2023,Tuesday,May,,
Starbucks,3,2023,Tuesday,July,,
Starbucks,1,2022,Wednesday,November,,
Starbucks,1,2023,Friday,July,,
Starbucks,4,2023,Saturday,June,,
Starbucks,1,2023,Sunday,April,,
Starbucks,5,2022,Tuesday,August,,
Starbucks,1,2023,Saturday,June,,
Starbucks,1,2022,Wednesday,August,,
Starbucks,1,2023,Sunday,April,,
Starbucks,1,2023,Sunday,April,,
Starbucks,5,2022,Thursday,September,,
Starbucks,1,2023,Wednesday,September,,
Starbucks,5,2023,Thursday,September,,
Starbucks,4,2018,Saturday,November,,
Starbucks,5,2021,Tuesday,December,,
Starbucks,1,2022,Saturday,September,,
Starbucks,1,2020,Sunday,February,"Fechamento temporário de cerca de metade de seus cafés nos EUA e no Canadá devido à pandemia COVID-19; Resposta à pandemia, com foco em pedidos móveis e drive-thru",Acrescimo ou remoção de produto
Starbucks,4,2019,Sunday,August,"Foco em sustentabilidade, eliminando canudos de plástico",Sustentabilidade
Starbucks,1,2020,Wednesday,November,"Fechamento temporário de cerca de metade de seus cafés nos EUA e no Canadá devido à pandemia COVID-19; Resposta à pandemia, com foco em pedidos móveis e drive-thru",Acrescimo ou remoção de produto
Starbucks,1,2023,Tuesday,May,,
Starbucks,1,2022,Wednesday,August,,
Starbucks,1,2023,Wednesday,March,,
Starbucks,5,2020,Saturday,November,"Fechamento temporário de cerca de metade de seus cafés nos EUA e no Canadá devido à pandemia COVID-19; Resposta à pandemia, com foco em pedidos móveis e drive-thru",Acrescimo ou remoção de produto
Starbucks,1,2022,Wednesday,October,,
Starbucks,1,2022,Thursday,May,,
Nestle,1,2021,Sunday,May,,
Nestle,1,2021,Wednesday,April,,
Nestle,4,2023,Wednesday,August,,
Nestle,5,2023,Sunday,August,,
Nestle,1,2021,Saturday,May,,
Nestle,1,2020,Monday,June,"Venda da unidade de água engarrafada nos EUA para a One Rock Capital Partners por US $ 4,3 bilhões; Resposta à pandemia, destacando produtos essenciais",Compra de empresa rival
Nestle,5,2023,Wednesday,May,,
Nestle,5,2023,Friday,March,,
Nestle,5,2022,Saturday,September,,
Nestle,1,2020,Wednesday,October,"Venda da unidade de água engarrafada nos EUA para a One Rock Capital Partners por US $ 4,3 bilhões; Resposta à pandemia, destacando produtos essenciais",Compra de empresa rival
Nestle,5,2021,Tuesday,November,,
Nestle,5,2021,Monday,December,,
Nestle,1,2023,Sunday,March,,
Nestle,1,2022,Thursday,March,,
Nestle,1,2023,Thursday,September,,
Nestle,1,2021,Tuesday,September,,
Nestle,1,2021,Tuesday,January,,
Nestle,1,2023,Wednesday,March,,
Nestle,1,2022,Thursday,March,,
Nestle,5,2021,Thursday,September,,
Nestle,5,2019,Monday,July,Lançamento de um programa de reciclagem de plásticos de US 2 bilhões para reduzir o desperdício de plástico e aumentar o uso de materiais reciclados em suas embalagens,Sustentabilidade
Nestle,5,2020,Wednesday,December,"Venda da unidade de água engarrafada nos EUA para a One Rock Capital Partners por US $ 4,3 bilhões; Resposta à pandemia, destacando produtos essenciais",Compra de empresa rival
Nestle,1,2020,Friday,July,"Venda da unidade de água engarrafada nos EUA para a One Rock Capital Partners por US $ 4,3 bilhões; Resposta à pandemia, destacando produtos essenciais",Compra de empresa rival
Nestle,1,2021,Thursday,July,,
Nestle,5,2023,Monday,January,,
Nestle,5,2022,Saturday,October,,
Nestle,5,2021,Thursday,May,,
Nestle,5,2022,Monday,December,,
Nestle,5,2021,Sunday,May,,
Nestle,1,2021,Wednesday,November,,
Nestle,1,2021,Thursday,June,,
Nestle,1,2021,Tuesday,November,,
Nestle,1,2021,Friday,August,,
Nestle,1,2022,Friday,November,,
Nestle,1,2020,Friday,July,"Venda da unidade de água engarrafada nos EUA para a One Rock Capital Partners por US $ 4,3 bilhões; Resposta à pandemia, destacando produtos essenciais",Compra de empresa rival
Nestle,5,2020,Friday,December,"Venda da unidade de água engarrafada nos EUA para a One Rock Capital Partners por US $ 4,3 bilhões; Resposta à pandemia, destacando produtos essenciais",Compra de empresa rival
Nestle,5,2023,Sunday,January,,
Nestle,5,2020,Tuesday,November,"Venda da unidade de água engarrafada nos EUA para a One Rock Capital Partners por US $ 4,3 bilhões; Resposta à pandemia, destacando produtos essenciais",Compra de empresa rival
Nestle,5,2022,Saturday,June,,
Nestle,5,2022,Saturday,January,,
Nestle,1,2021,Saturday,October,,
Nestle,1,2021,Friday,February,,
Nestle,5,2023,Saturday,June,,
Nestle,3,2019,Sunday,July,Lançamento de um programa de reciclagem de plásticos de US 2 bilhões para reduzir o desperdício de plástico e aumentar o uso de materiais reciclados em suas embalagens,Sustentabilidade
Nestle,5,2020,Monday,March,"Venda da unidade de água engarrafada nos EUA para a One Rock Capital Partners por US $ 4,3 bilhões; Resposta à pandemia, destacando produtos essenciais",Compra de empresa rival
Nestle,5,2021,Sunday,October,,
Nestle,5,2022,Wednesday,November,,
Nestle,5,2023,Tuesday,March,,
Nestle,1,2021,Sunday,August,,
Nestle,4,2019,Tuesday,July,Lançamento de um programa de reciclagem de plásticos de US 2 bilhões para reduzir o desperdício de plástico e aumentar o uso de materiais reciclados em suas embalagens,Sustentabilidade
Nestle,3,2019,Monday,July,Lançamento de um programa de reciclagem de plásticos de US 2 bilhões para reduzir o desperdício de plástico e aumentar o uso de materiais reciclados em suas embalagens,Sustentabilidade
Nestle,5,2019,Tuesday,July,Lançamento de um programa de reciclagem de plásticos de US 2 bilhões para reduzir o desperdício de plástico e aumentar o uso de materiais reciclados em suas embalagens,Sustentabilidade
Nestle,1,2022,Thursday,December,,
Nestle,1,2021,Saturday,May,,
Nestle,5,2022,Wednesday,July,,
Nestle,1,2023,Friday,September,,
Nestle,1,2021,Tuesday,October,,
Nestle,5,2020,Thursday,August,"Venda da unidade de água engarrafada nos EUA para a One Rock Capital Partners por US $ 4,3 bilhões; Resposta à pandemia, destacando produtos essenciais",Compra de empresa rival
Nestle,5,2019,Tuesday,December,Lançamento de um programa de reciclagem de plásticos de US 2 bilhões para reduzir o desperdício de plástico e aumentar o uso de materiais reciclados em suas embalagens,Sustentabilidade
Nestle,5,2022,Monday,December,,
Nestle,5,2022,Tuesday,August,,
Nestle,5,2021,Sunday,August,,
Nestle,1,2020,Tuesday,August,"Venda da unidade de água engarrafada nos EUA para a One Rock Capital Partners por US $ 4,3 bilhões; Resposta à pandemia, destacando produtos essenciais",Compra de empresa rival
Nestle,1,2020,Thursday,August,"Venda da unidade de água engarrafada nos EUA para a One Rock Capital Partners por US $ 4,3 bilhões; Resposta à pandemia, destacando produtos essenciais",Compra de empresa rival
Nestle,1,2022,Thursday,August,,
Nestle,1,2022,Sunday,March,,
Nestle,5,2019,Monday,July,Lançamento de um programa de reciclagem de plásticos de US 2 bilhões para reduzir o desperdício de plástico e aumentar o uso de materiais reciclados em suas embalagens,Sustentabilidade
Nestle,5,2021,Friday,January,,
Nestle,5,2023,Friday,March,,
Nestle,1,2021,Saturday,March,,
Nestle,1,2023,Monday,March,,
Nestle,1,2021,Wednesday,December,,
Nestle,5,2021,Wednesday,August,,
Nestle,1,2020,Tuesday,July,"Venda da unidade de água engarrafada nos EUA para a One Rock Capital Partners por US $ 4,3 bilhões; Resposta à pandemia, destacando produtos essenciais",Compra de empresa rival
Nestle,1,2018,Tuesday,September,"Aquisição da empresa de vitaminas e suplementos alimentares Atrium Innovations por US 2,3 bilhões; Venda do negócio de confeitos nos EUA para a Ferrero",Compra de empresa rival
Nestle,5,2021,Wednesday,February,,
Nestle,5,2019,Wednesday,July,Lançamento de um programa de reciclagem de plásticos de US 2 bilhões para reduzir o desperdício de plástico e aumentar o uso de materiais reciclados em suas embalagens,Sustentabilidade
Nestle,1,2022,Monday,June,,
Nestle,5,2018,Friday,May,"Aquisição da empresa de vitaminas e suplementos alimentares Atrium Innovations por US 2,3 bilhões; Venda do negócio de confeitos nos EUA para a Ferrero",Compra de empresa rival
Nestle,1,2020,Tuesday,June,"Venda da unidade de água engarrafada nos EUA para a One Rock Capital Partners por US $ 4,3 bilhões; Resposta à pandemia, destacando produtos essenciais",Compra de empresa rival
Nestle,5,2021,Friday,May,,
Nestle,5,2022,Friday,January,,
Nestle,1,2022,Thursday,April,,
Nestle,5,2023,Saturday,April,,
Nestle,1,2018,Saturday,September,"Aquisição da empresa de vitaminas e suplementos alimentares Atrium Innovations por US 2,3 bilhões; Venda do negócio de confeitos nos EUA para a Ferrero",Compra de empresa rival
Nestle,1,2021,Friday,August,,
Nestle,5,2021,Monday,November,,
Nestle,1,2020,Saturday,December,"Venda da unidade de água engarrafada nos EUA para a One Rock Capital Partners por US $ 4,3 bilhões; Resposta à pandemia, destacando produtos essenciais",Compra de empresa rival
Nestle,1,2019,Tuesday,December,Lançamento de um programa de reciclagem de plásticos de US 2 bilhões para reduzir o desperdício de plástico e aumentar o uso de materiais reciclados em suas embalagens,Sustentabilidade
Nestle,5,2022,Thursday,February,,
Nestle,1,2022,Monday,March,,
Nestle,1,2021,Tuesday,April,,
Nestle,5,2019,Tuesday,July,Lançamento de um programa de reciclagem de plásticos de US 2 bilhões para reduzir o desperdício de plástico e aumentar o uso de materiais reciclados em suas embalagens,Sustentabilidade
Nestle,5,2023,Friday,June,,
Nestle,1,2021,Friday,May,,
Nestle,1,2022,Tuesday,March,,
Nestle,5,2023,Monday,January,,
Nestle,5,2021,Saturday,June,,
Dominos,4,2023,Monday,May,,
Dominos,1,2023,Sunday,March,,
Dominos,4,2022,Friday,March,,
Dominos,1,2022,Tuesday,December,,
Dominos,1,2023,Monday,August,,
Dominos,5,2023,Sunday,April,,
Dominos,5,2023,Saturday,June,,
Dominos,5,2022,Saturday,December,,
Dominos,5,2023,Tuesday,May,,
Dominos,5,2022,Friday,August,,
Dominos,5,2022,Tuesday,October,,
Dominos,5,2023,Thursday,January,,
Dominos,5,2021,Saturday,August,,
Dominos,5,2021,Saturday,November,,
Dominos,5,2023,Sunday,March,,
Dominos,1,2022,Sunday,October,,
Dominos,5,2022,Friday,February,,
Dominos,5,2023,Friday,September,,
Dominos,5,2023,Friday,March,,
Dominos,5,2023,Tuesday,September,,
Dominos,5,2020,Thursday,March,Ênfase em entrega sem contato durante a pandemia,Marketing
Dominos,4,2023,Saturday,March,,
Dominos,5,2021,Saturday,September,,
Dominos,5,2022,Thursday,December,,
Dominos,2,2023,Tuesday,July,,
Dominos,5,2023,Friday,February,,
Dominos,5,2020,Friday,August,Ênfase em entrega sem contato durante a pandemia,Marketing
Dominos,5,2023,Thursday,May,,
Dominos,4,2019,Monday,August,,
Dominos,5,2021,Friday,November,,
Dominos,1,2021,Saturday,September,,
Dominos,1,2023,Thursday,May,,
Dominos,1,2023,Sunday,August,,
Dominos,1,2023,Saturday,May,,
Dominos,2,2022,Saturday,December,,
Dominos,5,2019,Saturday,September,,
Dominos,5,2022,Monday,August,,
Dominos,1,2023,Monday,May,,
Dominos,4,2021,Sunday,September,,
Dominos,5,2023,Sunday,July,,
Dominos,5,2022,Saturday,May,,
Dominos,4,2023,Monday,June,,
Dominos,1,2018,Saturday,October,Expansão global e inovações tecnológicas,Marketing
Dominos,5,2020,Sunday,October,Ênfase em entrega sem contato durante a pandemia,Marketing
Dominos,1,2022,Monday,February,,
Dominos,5,2023,Sunday,January,,
Dominos,5,2021,Monday,August,,
Dominos,4,2020,Friday,May,Ênfase em entrega sem contato durante a pandemia,Marketing
Dominos,1,2022,Tuesday,November,,
Dominos,1,2022,Sunday,April,,
Dominos,5,2019,Monday,January,,
Dominos,5,2023,Saturday,January,,
Dominos,2,2023,Friday,May,,
Dominos,5,2023,Monday,July,,
Dominos,5,2022,Sunday,August,,
Dominos,5,2023,Sunday,January,,
Dominos,5,2017,Wednesday,July,,
Dominos,5,2020,Wednesday,February,Ênfase em entrega sem contato durante a pandemia,Marketing
Dominos,1,2021,Tuesday,February,,
Dominos,1,2023,Wednesday,January,,
Dominos,5,2022,Thursday,November,,
Dominos,5,2022,Saturday,January,,
Dominos,5,2022,Friday,September,,
Dominos,5,2022,Wednesday,January,,
Dominos,5,2020,Sunday,January,Ênfase em entrega sem contato durante a pandemia,Marketing
Dominos,1,2023,Wednesday,September,,
Dominos,5,2021,Monday,April,,
Dominos,5,2020,Wednesday,January,Ênfase em entrega sem contato durante a pandemia,Marketing
Dominos,1,2019,Sunday,January,,
Dominos,5,2021,Sunday,May,,
Dominos,5,2021,Friday,November,,
Dominos,5,2021,Sunday,July,,
Dominos,5,2023,Monday,July,,
Dominos,3,2019,Monday,January,,
Dominos,5,2022,Tuesday,April,,
Dominos,4,2023,Wednesday,March,,
Dominos,5,2019,Monday,June,,
Dominos,4,2022,Monday,November,,
Dominos,5,2023,Friday,September,,
Dominos,5,2020,Saturday,January,Ênfase em entrega sem contato durante a pandemia,Marketing
Dominos,5,2023,Saturday,September,,
Dominos,5,2022,Wednesday,July,,
Dominos,2,2017,Tuesday,July,,
Dominos,5,2023,Tuesday,August,,
Dominos,5,2022,Monday,October,,
Dominos,2,2022,Tuesday,May,,
Dominos,1,2023,Thursday,March,,
Dominos,1,2022,Friday,February,,
Dominos,5,2021,Friday,February,,
Dominos,5,2020,Wednesday,April,Ênfase em entrega sem contato durante a pandemia,Marketing
Dominos,5,2023,Monday,April,,
Dominos,1,2021,Tuesday,October,,
Dominos,5,2017,Sunday,August,,
Dominos,5,2022,Thursday,August,,
